Key,Component,View,Context
"""Costa Rica""",Search tip example,Entity view,"Monospace example query in the search tips popover, illustrating an exact phrase search."
"""the status""~5",Search tip example,Entity view,"Monospace example query in the search tips popover, illustrating a proximity search."
*please keep this key secret and don't share it.,Field label (warning note),Settings > Account,"Secondary warning line under the secret-key label, cautioning the user not to share the key."
+ Add data source,Button label,Settings > Dataviz > Data tab,Button below the data sources list that opens the Add Data Source modal.
+ Add filter,Button label,Settings > Data Visualizations,Adds a new empty filter row in the Filters section of the Dataviz editor.
+ click to select multiple cards.,Inline hint text,Library,Closing phrase of the multi-select keyboard hint shown under the Library grid.
198?,Search tip example,Entity view,"Monospace example query in the search tips popover, illustrating a single-character wildcard."
2FA Enabled,Toast notification,Settings > Account,Success toast shown after the user successfully enables two-factor authentication.
A → Z,Dropdown option label,Entity view,Ascending sort option in the relationships panel's sort menu.
A default template cannot be deleted.,Tooltip text,Settings > Templates,Tooltip on the disabled row-selection checkbox for a default template in the templates list table.
A friendly hand for serious work — I'll act in the context shown above.,Welcome subtitle,AI Assistant (Bert) panel,"Subtitle text under the Bert greeting, describing the assistant's role."
A generated ID will be the default title.,Tooltip text,Settings > Templates,"Tooltip on the help icon next to the ""Generated ID"" checkbox in the property editor panel."
A source template must,Empty-state text,Settings > Paragraph Extraction,Intro line for the list of requirements shown when no source template qualifies for selection.
A target template needs to have the following properties,Empty-state text,Settings > Paragraph Extraction,Intro line for the list of requirements shown when no target template qualifies for selection.
A valid email is required,Validation error message,Settings > Account,Error text shown under the email field when the entered email fails format validation.
Accept,Button label,Shared (used across 4 views),"Button that accepts an extraction suggestion, shown as an icon button in the suggestions table row and as the submit button in the PDF/Property review sidepanels."
Accept all,Button label,Global,"Button in the site-wide cookie consent banner that accepts all cookies, including analytics."
Accepted suggestion on entity,Table cell text,Settings > Activity Log,"Value of `desc: 'Accepted suggestion on entity'` in the `ParsedActions` lookup in app/api/activitylog/activitylogParser.ts, surfaced as `semantic.description` and rendered via `<Translate className=""font-semibold"">{semanticData.description}</Translate>` in app/react/V2/Routes/Settings/ActivityLog/components/TableElements.tsx."
Accepting suggestions,Progress status message,Settings > Metadata extraction,Progress label shown while accepted suggestions are being automatically applied to entities.
Accessibility checks need attention,Warning banner text,Settings > Theme and branding,Warning shown above the live preview when one or more color-contrast accessibility checks fail for the current theme.
Account,Navigation link,Settings,Sidebar link in the Settings navigation menu that routes to the account settings page.
Account locked,Tooltip,Settings > Users & Groups,Tooltip on the lock icon next to a username indicating the account is locked.
Account unlocked successfully,Toast notification,Settings > Users & Groups,Success toast shown after unlocking a locked user's account from the user edit sidepanel.
Account updated,Toast notification,Settings > Account,Success toast shown after the account form is submitted and the user's data is saved.
Accuracy,Stat label,Settings > Metadata extraction,"Label for the model accuracy percentage in the Statistics section of the Stats & Filters sidepanel, paired with an info tooltip."
Accuracy tooltip,Tooltip text,Settings > Metadata extraction,"Tooltip explaining how an extractor's accuracy percentage is calculated, shown next to the accuracy stat."
Action,Filter label and table column header,Shared (used across 13 views),"Labels the action/method type, used as the MultiSelect filter label in the Filters side panel and as the Action column header in the activity log table."
Actions,Screen-reader-only column header,Entity view,Hidden accessible label for the actions (kebab menu) column in the entity files table.
Activate,Toggle button state label,Unresolved,"Default-state text on the same dormant, currently-unused EnableButtonCheckbox toggle component."
Activated,Button label,Settings > Account,Disabled button on the Account page's Two-Factor Authentication card indicating 2FA is already enabled; the same word also exists as a dormant state label inside the currently-unused EnableButtonCheckbox component.
Active filters,Toggle button label,Library,Label on the expandable header bar that shows/hides the list of currently applied filter chips.
Active languages,Table heading,Settings > Languages,Heading above the table that lists the collection's installed languages.
Active primary,Status badge,Entity view,Badge marking the file currently set as the entity's active primary document.
Activity,Side panel title,Settings > Activity Log,Title of the side panel that opens to show details of a selected activity log entry.
Activity log,Navigation link,Settings,Admin-only sidebar link in the Settings navigation menu that routes to the activity log page.
Activity Log,Table heading,Settings > Activity Log,Heading text shown above the activity log table on the Activity Log page.
Add,Button label,Shared (used across 6 views),Button label used to create a new relationship type and to add a person or group when sharing an entity.
Add / remove favorite,Icon-button tooltip,Library,Tooltip on the favorite-star toggle shown on entity/document cards in the Library.
Add a type below.,Empty state helper text,Entity view,"Secondary line under ""No relationship types"" in the manage-types modal, prompting the user to add one via the form below."
Add an account to the app by scanning the provided QR code with your mobile device or by inserting the provided key.,Instruction list item,Settings > Account > Two-Factor Authentication setup panel,"Literal `<Translate>` text in app/react/V2/Routes/Settings/Account/Components/TwoFactorSetup.tsx, step 2 of ""Using Authenticator"" instructions — text wraps across two source lines (embedded newline), which is why the literal scanner missed it."
Add as,Field label,Entity view,Label above the dropdown in the add-file modal that lets the user choose whether the file is primary or supporting.
Add data source,Modal header title,Settings > Dataviz > Data tab,"Title of the modal opened from the Data tab's ""+ Add data source"" button, letting users pick a template to add as a new data source."
Add date,Button label,Library / Entity view,Button that adds another date entry to a multidate or multi-date-range metadata property.
Add entities / documents,Sidepanel heading / button label,Entity view,Heading of the side panel (and label of the button that opens it) used to search for and add entities/documents to a relationship hub.
Add entity,Button label,Entity view,Button that opens the search box for adding a new relationship connection in the entity metadata editor.
Add entity type,Button label / modal heading,Settings > Filters,Primary button at the bottom of the filters table that opens the Add entity type modal; also the modal's own heading.
Add extractor,Button label,Settings > Paragraph Extraction,Footer button on the extractors dashboard that opens the create-extractor wizard.
Add Extractor,Modal heading,Settings > Metadata extraction,Heading of the Extractor modal when creating a brand-new extractor.
Add file,Button label and modal title,Entity view,Button and modal-header text for opening the add-file modal and confirming a new file upload to the entity.
Add from URL,Button label,Shared (used across 2 views),Submit button on the form used to add a supporting file or media item from a URL.
Add from web,Tab label,Shared (used across 2 views),Tab inside the attachments upload modal for adding a supporting file from a web URL.
Add group,Button label / Sidepanel title,Shared (used across 4 views),"Ghost button in the thesaurus editor footer that opens the add-group sidepanel, and doubles as that sidepanel's title and submit button label."
add icon,Toggle label,Entity view,Reveals the icon/flag picker while editing an entity's title field.
Add icon,Button label,Entity view,Button in the entity editor's icon field that reveals the icon/flag picker for the entity.
Add item,Button label / Sidepanel title,Settings > Thesauri,"Button in the thesaurus editor footer that opens the sidepanel for adding new items, whose title reads the same when in add mode."
Add link,Button label,Settings > Menu,Button in the menu link/group form footer that opens the sidepanel to add a new top-level link.
Add or remove relationship types for this collection.,Modal subtitle,Entity view,"Descriptive text under the ""Manage relationship types"" modal heading."
Add page,Button label,Settings > Pages,Footer button on the Pages list that navigates to the form for creating a new page.
Add PDF,Button label,Entity metadata form,"Button in the ""Primary Documents"" section of the entity edit form that opens the file picker to attach one or more PDFs."
Add people or groups,Input field label (hidden),Entity view,Hidden label for the collaborator search input in the Share modal's lookup form.
Add property,Button label,Settings > Templates,Button in the template editor footer that opens the panel for adding a new property to the template.
Add relationship type,Button label,Settings > Templates,Button in the template editor footer that opens the modal for creating a new relationship type; the same text is reused as the modal's heading.
Add template,Button label,Settings > Templates,Button in the templates list footer that links to the form for creating a new template.
Add thesaurus,Button label,Settings > Templates,Button in the template editor footer that opens the modal for creating a new thesaurus; the same text is reused as the modal's heading.
Add thesaurus value,Modal title,Entity view,Title of the modal for adding a new value to a thesaurus from a metadata field.
Add timelink,Button label,Pages,Adds a new timestamped marker while editing a video widget in a Page.
Add to all languages,Button label,Unresolved,"Label on a button to upload the same attachment file to all collection languages at once; the component that renders it has no active importer elsewhere in the codebase, so its live page could not be confirmed."
Add to table of contents,Tooltip,Entity view,Tooltip on the button in the text-selection menu that adds the selected text to the document's table of contents.
Add to ToC,Button label,Entity view,Button in the text-selection floating menu that adds the selected text as a new table-of-contents entry.
Add to training set,Screen-reader button label,Settings > Metadata extraction,Hidden accessible label on the training-set toggle button in the suggestions table when the entity is not yet marked for training.
Add translation,Button label,Entity view,"Button that opens the add-file modal in translation mode, for adding a translated copy of the primary document."
Add user,Button label,Settings > Users & Groups,Footer button on the Users tab that opens the sidepanel to create a new user.
add value,Button label,Entity view,Opens the modal to add a new thesaurus value while editing a select or multiselect metadata field.
Add/delete users and assign roles,Table row label (Permissions reference table),Settings > Users & Groups,"Value of `action` field in the `permissionsByRole` array in app/react/V2/Routes/Settings/Users/components/PermissionsListModal.tsx, rendered via `<Translate>{cell.getValue()}</Translate>` in the modal opened from the user side panel's ""Permissions"" link."
Add/edit translations,Table row label (Permissions reference table),Settings > Users & Groups,"Same lookup/component as ""Add/delete users and assign roles"" — another `action` entry in `permissionsByRole` (PermissionsListModal.tsx)."
Added language,Table cell text,Settings > Activity Log,"`desc: 'Added language'` for the `POST/api/translations/languages` action in activitylogParser.ts, surfaced as `semantic.description` and rendered via `<Translate>` in TableElements.tsx."
Added new user,Toast notification,Settings > Users & Groups,Success toast shown after creating a new user.
"Added relation type ""{name}""",Success toast notification,Entity view,"Confirmation toast shown after a new relationship type is successfully created, with the type's name interpolated."
added to hub with the following errors:,Notification message (part),Entity view,"Fragment of the toast shown when adding an entity to a relationship hub succeeds with some errors, in the entity view's relationships editor."
added to hub.,Notification message (part),Entity view,Fragment of the toast shown after successfully adding an entity to a relationship hub while editing relationships in the entity view.
Adding a group and its items.,Info banner heading,Settings > Thesauri,Heading of the info banner at the top of the sidepanel when creating a new thesaurus group.
Adding items to the thesauri,Info banner heading,Settings > Thesauri,Heading of the info banner shown in the add-item sidepanel when creating new thesaurus items.
Adjust a few colors; secondary text and muted backgrounds update automatically.,Helper text,Settings > Theme and branding,"Explanatory text at the top of the simple color-editing section, describing how a few anchor colors auto-derive the rest of the palette."
Admin,Table column header and option label,Settings > Users & Groups,Column header for the admin permission level and the admin option in the user role selector.
Administrators and Editors,Member row label (default pseudo-entry),"Entity metadata form share dialog (legacy, reached via the Share button in Metadata form buttons / library bulk selection)","Hardcoded `label: 'Administrators and Editors'` in the `pseudoMembers` array in app/react/Permissions/components/ShareEntityModal.tsx, concatenated with real member assignments and rendered by MemberListItemInfo.tsx as plain `<span>{label}</span>` — bypasses `<Translate>`/`t()` entirely, so it never actually goes through the i18n lookup despite matching an en.csv key."
Administrators and Editors always have edit access,Helper text,Entity view,"Note under the General access control in the Share modal, clarifying who always retains edit rights."
Admins,Stat label,Settings > Dashboard,Label next to the admin user count in the Users card's breakdown row.
Advanced colors,Button label,Settings > Theme and branding,Toggle button that expands the advanced color-editing section of the theme customization panel.
Advanced ECharts overrides,Section heading,Settings > Dataviz > Preview panel,Heading above the JSON code editor for merging raw ECharts option overrides onto the generated chart config.
All,Filter toggle label,Shared (used across 6 views),"Label on the first radio option of the multiselect list's filter row, showing every item instead of only selected ones."
ALL,Toggle switch label,Library,Right-side label of the switch that shows every document type instead of only the featured ones.
"All changes will be lost, are you sure you want to proceed?",Modal body text,Entity view,"Warning text in the confirm-close modal, asking the user to confirm discarding unsaved changes."
All data,Section label,Settings > Metadata extraction,"Section heading in the Stats & Filters sidepanel grouping the Labeled, Non-labeled, and Use for training checkboxes."
All editing options will be disabled.,Tooltip text,Settings > Templates,"Second line of the tooltip shown when hovering the ""Synced template"" badge in the templates list table."
All of the paragraphs will be deleted,Confirmation modal warning text,Settings > Paragraph Extraction,Warning shown in the confirmation dialog before deleting selected paragraphs.
All of the previously created paragraphs will be deleted and recreated after the process.,Confirmation modal warning text,Settings > Paragraph Extraction,"Literal `<Translate>` text in app/react/V2/Routes/Settings/ParagraphExtraction/components/entities/ExtractEntitiesDialog/index.tsx, wrapped across two source lines, shown when confirming the ""Extract paragraphs"" action."
Allow captcha bypass,Toggle label,Settings > Collection,Label for the toggle that opens the public endpoint to bypass captcha checks.
Allow public embedding without login,Toggle label,Settings > Dataviz > Embed panel,"Label next to the toggle allowing the chart to be embedded publicly without login, shown only on private instances."
Already exists,Inline validation error,Entity view,Error message shown under the new-type input when the entered relationship type name is a duplicate.
Already the same value.,Inline hint on a metadata field diff,Copy From dialog in Entity view or Library,Small note shown under a field's before/after comparison in the Copy From source preview when the source value matches the current value.
Amount,Field label,Settings > Metadata extraction,"Label beside the numeric input for how many entities to find suggestions for, in the Process extractor and Train model modals."
An admin needs to add relationship types before you can create a relationship.,Helper/error message,Entity view,"Message shown to non-admin users when no relationship types exist yet, explaining they cannot proceed."
An error has occured while deleting a language:,Toast notification prefix,Global navigation,"Prefix text for the app-wide danger notification shown when a language deletion job fails, followed by the server's error message."
An error has occured while installing languages:,Toast notification prefix,Global navigation,"Prefix text for the app-wide danger notification shown when a language installation job fails, followed by the server's error message."
An error has occurred,Error toast notification message,Global,Generic fallback error notification raised by the legacy API layer when a failed request can't be mapped to a more specific message.
An error has occurred during data export,Error notification,Library,Toast shown when the CSV export request fails for a reason other than a bad captcha.
An error has occurred while installing languages:,Toast notification,Global navigation,"Bridge notification (V2 UI) shown when a language installation job fails, sent alongside the legacy Redux notification with the same meaning."
An error has occurred while uninstalling a language:,Toast notification,Global navigation,"Bridge notification (V2 UI) shown when a language uninstallation job fails, sent alongside the legacy Redux notification with the same meaning."
An error occurred,Error toast/message,Shared (used across 19 views),"Generic fallback error notification reused throughout the app whenever an API call or async action fails, from entity sharing to nearly every Settings section."
Analytics,Card section heading,Settings > Collection,"Title, with an info tooltip, of the card holding Google and Matomo analytics settings."
Analytics description,Tooltip,Settings > Collection,Tooltip on the analytics field mentioning support for Google Analytics and Matomo.
AND OR NOT,Code example,Entity view,Code-styled example of boolean search operators inside the search-tips popover.
Any,Facet option label,Library,"Row at the bottom of a filter facet tree meaning ""match any value"" for that property."
Any entity,Dropdown option / table cell text,Settings > Templates,"Default option meaning no entity-type restriction, shown in the relationship property's entity dropdown and as fallback text in the matching-properties table."
any single character,Search tip description,Entity view,"Explanatory text next to the ""198?"" example in the search tips popover."
Any type,Filter toggle button,Copy From dialog in Entity view or Library,Button in the Copy From search view's type-filter chip row that clears the same-type restriction so search results include entities of any template.
Anyone can see this entity,Warning text,Entity view,Warning shown under General access in the Share modal when the entity's visibility is set to Published.
Appearance,Dropdown option label,Entity view,"""Sort by appearance order"" option in the relationships panel's sort menu."
Apply,Button label,Settings > Activity Log,Submit button at the bottom of the Filters side panel that applies the selected filters to the activity log.
Are you sure you want to continue?,Confirmation dialog default message,Shared (used across N views),"Default `message` prop shared by three generic confirm components — app/react/App/Confirm.jsx, app/react/Layout/ConfirmButton.jsx, app/react/Layout/ConfirmModal.jsx — each rendering `<Translate>{message}</Translate>`; appears whenever a caller triggers a confirmation without overriding the message."
Are you sure you want to delete,Confirmation modal body text (fragment),Entity view,"First half of the bulk-delete confirmation sentence, followed by the selected count."
"Are you sure you want to delete the selected visualizations? This action cannot be
              undone.",Confirmation dialog body,Settings > Data visualizations,Body text of the confirmation modal shown when bulk-deleting selected visualizations from the list.
Are you sure you want to delete this attachment?,Confirmation dialog message,Entity Attachments panel (legacy),"Default `deleteMessage` prop in app/react/Attachments/components/Attachment.jsx, passed to `mainContext.confirm({message: this.props.deleteMessage})` and rendered dynamically via `<Translate>{message}</Translate>` in Confirm.jsx."
Are you sure you want to delete this connection?,Confirmation dialog message,Document/Entity Viewer (legacy connections list),"`message` variable set in app/react/Viewer/components/Connection.jsx and app/react/Entities/components/EntityViewer.jsx, passed to the confirm dialog and rendered via `<Translate>{message}</Translate>`."
Are you sure you want to delete this entity?,Confirmation dialog message,Shared (used across N views),"`message` variable set in app/react/Entities/components/EntityViewer.jsx and app/react/Relationships/components/RelationshipMetadata.jsx (legacy Library entity/relationship delete flows), rendered dynamically via the shared Confirm dialog."
Are you sure you want to delete this file?,Confirmation dialog message,Entity Attachments/Files panel (legacy),"`message` variable in app/react/Attachments/components/File.tsx, passed to the confirm dialog and rendered via `<Translate>{message}</Translate>`."
Are you sure you want to delete this item?,Confirmation modal warning text,Settings > Thesauri,"Warning text shown in the confirmation modal before deleting selected thesauri, or before deleting an item/group inside a thesaurus."
Are you sure you want to delete this relationship? This action cannot be undone.,Confirmation modal body text,Entity view,Body copy of the confirmation modal for deleting a single relationship.
Are you sure you want to delete this visualization? This action cannot be undone.,Confirmation dialog body,Settings > Data visualizations,Body text of the confirmation modal shown when deleting a single visualization from its editor.
Are you sure?,Confirmation modal heading,Settings > Paragraph Extraction,"Header of the confirmation dialog shown before deleting paragraphs, deleting an extractor, or extracting entities."
Ascending,Select option label,Library,Option in the Order select within the toolbar's Display options menu.
Ask Bert,Button label / aria-label,Global header,Label and accessible name of the header button that opens the Bert AI Assistant chat modal; visible in the app header on nearly every page.
Attachment,File type label,Entity view,"Fallback type label on a FileCard when a file's mimetype can't be determined, shown in the entity Files list."
Attachment deleted,Toast notification,Shared (used across 2 views),"Success toast shown after deleting a supporting file (attachment) from an entity, from the legacy attachments list."
Attachment renamed,Toast notification,Shared (used across 2 views),"Success toast shown after renaming a supporting file attached to an entity, from the legacy attachments list rename form."
Attachment uploaded,Toast notification,Shared (used across 2 views),"Success toast shown after uploading a supporting file (attachment) to an entity, from the legacy attachments upload modal used in Library and Entity view."
Attachments,Form field label,Public template submission form,Rendered via the ternary `id === 'file' ? 'Document' : 'Attachments'` inside `<Translate>` in app/react/Markdown/components/PublicForm.jsx — a JSXExpressionContainer the literal-string scanner cannot resolve.
Authentication code,Field label,Login,Label for the one-time code input during the 2FA login step.
auto created,Screen-reader-only label,Entity view,Hidden accessible text paired with the sparkles icon noting the table of contents was auto-generated.
Auto-accept suggestions,Checkbox label,Settings > Metadata extraction,Checkbox in the Process extractor modal that toggles automatically accepting found suggestions.
auto-created,Inline badge text,Library / Entity view,"Small ""auto-created ⓘ"" label next to the TOC heading in the document side panel when the table of contents was generated automatically rather than by hand."
Automatic Table of Contents,Filter label,Library,Admin-only filter option label in the Library sidebar that splits documents by whether their table of contents was auto-generated or human-reviewed; only shown when the tocGeneration feature toggle is on.
Automatically generated,Filter option label,Library,"Label of a filter option in the Library's sidebar for the ""Table of Contents"" admin filter, for entries with an automatically generated TOC."
Available default translation,Footnote / legend text,Settings > Languages,Footnote in the install-languages modal explaining the asterisk marks languages with a default translation available.
Back,Button label,Shared (used across 5 views),"Button label to go back a step in the multi-step relationship-creation wizard, and to cancel targeting a document for a reference."
Back to details,Button label,Entity view,"Button in the Files tab footer's file preview mode, returns from the file preview back to file details."
Back to search,Button label,Entity view,"Returns to the entity search step in the ""copy metadata from another entity"" panel."
Bad Request,Error page heading / toast,Generic Error page,"`name` field in the `handledErrors` object in app/react/V2/shared/errorUtils.tsx, looked up via `t('System', error.name, ...)` in app/react/V2/Components/ErrorHandling/GeneralError.tsx."
Bert,Modal heading,AI Assistant (Bert) panel,"Heading text next to the Bert icon in the AI Assistant chat modal's header, a global overlay reachable from any page."
Bidirectional,Relationship direction icon tooltip / group header label,Entity page > Relationships panel,"Value in the `directionTitles` lookup in app/react/V2/Routes/Entity/Components/relationships/rows/DirectionGlyph.tsx, looked up via `t('System', directionTitles[direction], ...)` and used as the direction icon's title/aria-label; duplicated in `directionLabelKey()` in relationshipsPanelGrouping.ts for the ""group by direction"" section header."
Body,Field label,Settings > Activity Log,"Labels the request body value, shown both in the entry detail side panel and inside the description column's hover tooltip."
boolean,List item description,Entity view,Short description labeling the AND/OR/NOT example as boolean search syntax in the search-tips popover.
Browse files to upload,Label / clickable prompt text,Shared (used across 4 views),Text inside the drag-and-drop file dropzone (used for entity file uploads and several Settings image/CSV upload pickers) prompting the user to click and browse for files.
"by ids, methods, keywords, etc.",Input field placeholder,Settings > Activity Log,"Placeholder text in the search input of the Filters side panel, hinting what the free-text search can match on."
By logging in you accept the essential session cookie required to stay signed in.,Login page footnote,Login page,"Literal `<Translate>` text in app/react/Users/Login.jsx, wrapped across two source lines, shown under the login form."
Can edit,Filter option label,Library,Option label in the Library's permissions filter multiselect for filtering entities the user can edit.
Can see,Icon button label,Entity view,Tooltip and aria-label on the view-access toggle for a person or group in the entity's share modal.
Can view,Filter option label,Library,"Label for the ""read"" access-level option in the permissions filter of Library's advanced search sidebar."
Cancel,Button label,Shared (used across 19 views),"Generic cancel button used to dismiss modals, forms, and side panels throughout the app."
cancel csv import,Modal body text,Settings > Import CSV,Explanatory text in the cancel-import modal describing that new entity creation stops but existing entities stay.
Canceling,Modal heading,Settings > Import CSV,Title of the modal shown when a user opens the cancel-import confirmation dialog.
Canceling...,Status banner text,Settings > Information Extraction > Suggestions,"Built in the `ixmessages.cancel` entry as `` `${t('System', 'Canceling', null, false)}...` `` in app/react/V2/Routes/Settings/IX/IXSuggestions.tsx — translates the ""Canceling"" key then appends a literal ellipsis, rendered directly via `{ixmessages[status.status]}`."
Cancelled,Status title label,Settings > Import CSV,Short status badge title shown on the import status page when the import was cancelled.
Cannot connect to server,Tooltip text,Unresolved,"Tooltip on the disconnect-warning icon in the app header, shown when the client loses its connection to the server."
Cannot find extractor,Toast notification detail,Settings > Paragraph Extraction,"Error detail shown when the extract action runs but no extractor is associated with the current view, in PXEntities.tsx and ExtractEntitiesDialog."
Captcha,Form field label,Pages,Label above the captcha challenge in the contact and public submission forms.
Captcha bypass,Tooltip,Settings > Collection,Tooltip on the captcha-bypass toggle warning it is insecure and can enable spam.
Cards,View-mode option label,Shared (used across 2 views),Option in the toolbar's view dropdown that switches the results display to a card grid.
Cards view,Tooltip text,Library,Tooltip on the button that switches Library results back to the default cards view.
Category,Table column header,Settings > Dataviz > Preview panel,Column header in the data summary table shown under the chart preview for two-dimensional breakdowns.
Change,Button label,Settings > Collection,Label on the button that reopens the image picker to replace an already-selected image.
Change Password,Card heading,Settings > Account,Title of the card containing the new password and confirm password fields.
Changes in the thesaurus will impact all the entities using these values.,Confirmation modal body text,Settings > Thesauri,Body text of the confirmation modal warning that deleting thesaurus items or groups affects entities that reference them.
Changing the type will erase all relationships to this entity.,Inline warning text,Entity metadata form,Warning shown next to the template/type selector in the entity edit form when switching template would remove existing relationships.
Character support description,Tooltip,Settings > Collection,Tooltip on the non-Latin character support option explaining its effect on templates and URLs.
Character support process warning,Tooltip,Settings > Collection,Bolded warning within the character support tooltip about the process taking minutes and breaking existing URLs.
Character support revert warning,Tooltip,Settings > Collection,Closing warning within the character support tooltip that the change cannot be reverted.
Chart,Table column header,Settings > Data visualizations,Header label for the chart-type column in the data visualizations table.
Chart options,Section heading,Settings > Dataviz > Chart tab,"Heading above the chart-type-specific settings, such as legend, tooltip, labels, and data filters."
Chart theme,Section heading,Settings > Data Visualizations,Heading over the background/foreground color pickers in the Dataviz editor's Appearance section.
Chart type,Section heading,Settings > Dataviz > Chart tab,"Heading above the grid of selectable chart type buttons, such as bar, pie, and line."
Chart type uses a custom view,Placeholder text inside chart area,Pages / Entity view,Shown inside DatavizChartView's chart canvas when the mapped chart type has no ECharts option and needs a custom renderer.
Check to make this instance public (non-logged in users can see public documents and entities),Tooltip,Settings > Collection,Tooltip on the public-instance checkbox explaining what enabling it does.
Checking which images fit the requirements,Loading message,Settings > Collection,Status message shown in the image picker modal's gallery while images are checked against size rules.
Choose,Button label,Settings > Collection,Label on the button that opens the image picker when no image is selected yet.
Choose PDF files,File input aria-label,Library,Accessible name of the hidden file picker in the Library upload-PDF modal.
Choose relation type,Modal step heading,Entity view,Title shown in the create-relationship modal header while the user selects the relationship type.
Choose which data to use for training,Tooltip heading,Settings > Metadata extraction,"Heading inside the tooltip on the Train model modal's Training sample label, introducing the two sample options below it."
Chrome header,Section label,Settings > Theme and branding,Section heading above the app top-bar (chrome) color overrides in the theme editor's advanced and simple color panels.
Clear,Button label (often screen-reader only),Shared (used across 5 views),"Label on the small button that clears the current value of a text input, search-select, textarea, or an applied filter across multiple forms."
Clear all,Button label,Shared (used across 4 views),Button in the active-filters bar of Library that clears every applied filter chip at once.
Clear All,Button label,Settings > Paragraph Extraction,Button in the entity filter side panel that resets all applied status filters.
Clear all filters,Button label,Entity view,Button in the relationships filter drawer footer that clears all active filters.
Clear coordinates,Button label,Library / Entity view,Button under the geolocation map in the metadata edit form that clears the selected lat/lon values.
Clear Filters,Button label,Library,Button in the filters side panel footer that resets all active search filters.
Clear PDF selection,Button label,Entity view,Clears a text selection captured from the PDF viewer during metadata extraction.
Clear search,Clear-search button/aria-label,Entity view,Label on the button that clears the current search term in the relationships and document search bars.
Click to fill,Button label,Entity view / Settings > Metadata extraction,"Label on the small button (with cursor icon) that fills a metadata field with text selected in the PDF, used in the entity edit view's PDF-fill feature and in the Settings > Metadata extraction training sidepanel."
Click to select an image,Dropzone prompt,Entity view,"Title text on the dashed upload dropzone inside the media picker modal, image mode."
Click to select audio or video,Dropzone prompt,Entity view,"Title text on the dashed upload dropzone inside the media picker modal, audio/video mode."
Click to select files,Dropzone title,Entity view,Title text on the add-file dropzone prompting the user to click and pick files to upload.
Close,Icon-button label,Shared (used across 6 views),"Generic ""Close"" label/tooltip on the close control of modals, side panels and drawers across the app (translate modal, media viewer, share dialog, entity overlay, several Settings dialogs)."
Code,Field label,Settings > Import CSV,Label preceding the error code in the failure details panel shown when an import fails.
Collaborator,Table column header and option label,Settings > Users & Groups,Column header for the collaborator permission level and the collaborator option in the user role selector.
Collaborators,Stat label,Settings > Dashboard,Label next to the collaborator user count in the Users card's breakdown row.
Collapse all,Button label,Shared (used across 3 views),"Button that collapses grouped/expandable rows, used in the legacy relationships panel, the new relationships list, and generic grouped settings tables."
Collapse All,Button label,Entity view,Button in the ToC header that collapses all expandable table-of-contents entries.
Collection,Navigation link,Settings,Admin-only sidebar link in the Settings navigation menu that routes to the collection settings page.
Collection Name,Input field label,Settings > Collection,"Label for the text input where admins set the collection's display name, in the General card."
Colors,Section heading,Settings > Dataviz > Appearance tab,"Heading above the color mode selector for the chart, covering template, custom, and from-data coloring."
Colors come from the server data layer. Preview shows assigned bucket colors when available.,Helper text,Settings > Data Visualizations,"Hint explaining automatic bucket coloring, in the Appearance section of the Dataviz editor."
combine or exclude terms,Search tip description,Entity view,Explanatory text next to the AND/NOT boolean example in the search tips popover.
Common sources,Section subheading,Settings > Metadata extraction,"Subheading in step 2 of the Extractor modal above the radio options for the extractor's source (PDF, title, or a text property)."
Completed,Status label,Settings > Import CSV,"Label next to the completed-import count in the table summary, and the status text shown for completed imports."
Completed with errors,Status title label,Settings > Import CSV,Short status badge title shown on the import status page when the import finished but some rows failed.
Configuration,Tab label,Settings > Pages,"Label of the first tab in the Page Editor, holding the page title, entity-view toggle, and URL preview."
Configure filters,Table row label (Permissions reference table),Settings > Users & Groups,"`action` value in `permissionsByRole` in PermissionsListModal.tsx, rendered via `<Translate>{cell.getValue()}</Translate>`."
Configure templates,Table row label (Permissions reference table),Settings > Users & Groups,"`action` value (`'Configure templates '`, with a trailing space in source) in `permissionsByRole` in PermissionsListModal.tsx, rendered via `<Translate>{cell.getValue()}</Translate>`."
Confirm,Modal heading,Entity view,Heading of the confirmation modal shown when closing the document panel with unsaved metadata changes.
CONFIRM,Confirmation keyword,Global navigation,Default word the user must retype into the Confirm modal's extra-confirm input to authorize a destructive action.
Confirm action,Modal dialog title/body text,"Shared (used across 4+ views: Account settings, User settings sidepanel, plus default title for legacy Confirm/ConfirmButton/ConfirmModal dialogs)","Passed as a `title`/`body` prop (default value or literal) then rendered via `<Translate>{title}</Translate>` in `app/react/App/Confirm.jsx`/`ConfirmButton.jsx`/`ConfirmModal.jsx`, and via `renderChild(body)` in V2 `ConfirmationModal.tsx` (used in `Account.tsx` and `UserFormSidepanel.tsx` for password-confirmed actions). Missed because the literal reaches `Translate` through a variable, not directly."
Confirm delete connection,Confirmation modal title,Document Viewer and Entity view (relationships/connections panel),Passed as `title` in a `mainContext.confirm({...})` call from `Viewer/components/Connection.jsx` and `Entities/components/EntityViewer.jsx`; rendered via `<Translate>{title}</Translate>` in `Confirm.jsx`. Triggered on deleting a text-connection reference.
Confirm delete multiple items,Confirmation modal message,Library and Page views (bulk entity-selection panel),Passed as `message` in `mainContext.confirm({...})` from `Metadata/components/SelectMultiplePanel.jsx`; rendered via `<Translate translationKey={messageKey}>{message}</Translate>` in `Confirm.jsx` when deleting multiple selected entities.
Confirm deletion of entity,Confirmation modal title,Entity view (relationships panel),"Literal `title: 'Confirm deletion of entity'` object property in `Relationships/components/RelationshipMetadata.jsx`, passed through `mainContext.confirm()` and rendered via `<Translate>{title}</Translate>` in `Confirm.jsx` — a literal string reaching Translate as a variable, so the scanner misses it."
Confirm deletion of file,Confirmation modal title,Entity view (attachments/files panel),"Literal `title: 'Confirm deletion of file'` in `Attachments/components/File.tsx`, passed via `mainContext.confirm()` and rendered as `<Translate>{title}</Translate>` in `Confirm.jsx`; confirmed user-visible by `cypress/e2e/base/attachments.cy.ts` asserting `cy.contains('Confirm deletion of file')`."
Confirm new password,Input field label,Settings > Account,Label for the input where the user retypes the new password to confirm it.
Confirm your password,Modal heading,AI Assistant (Bert) panel,Heading on the password-confirmation screen shown before granting access to the Bert AI Assistant.
Connect to a paragraph,Tooltip,Entity view,Tooltip on the button in the text-selection menu that starts a targeted-paragraph connection from selected text.
Connect to an entity,Tooltip,Entity view,Tooltip on the button in the text-selection menu that starts a connection to another entity from selected text.
Connect to entity,Button label,Entity view,Button that skips picking a specific document and connects the relationship to the entity as a whole.
Connected entities,Table caption (screen-reader only),Entity view,Hidden caption on the table listing entities connected through a relationship property.
Connected to server,Toast notification,Global navigation,Success notification shown app-wide when the websocket connection recovers after an outage.
Connection type,Metadata row label,Document Viewer (connections/references list),"`label: 'Connection type'` object value in `Viewer/components/Connection.jsx`'s `additionalMetadata` prop, flows through `FormatMetadata.jsx` into `Metadata/components/Metadata.jsx`, rendered via dynamic call `t(prop.translateContext || 'System', prop.label)`."
Contact email description,Tooltip,Settings > Collection,Tooltip on the contact email field explaining its use for notifications sent to users.
Contact form email,Input field label,Settings > Collection,Label with tooltip for the field entering the address that receives public contact form submissions.
Contains,Facet value prefix,Library,"Prefix shown before the entered value in a text/markdown property filter, e.g. ""Contains: value""."
Content translations,Table section heading,Settings > Translations,Heading above the table listing content (entity/template) translation contexts on the Translations settings page.
Context,Table column header,Settings > Metadata extraction,Header of the column in the suggestions table showing the surrounding text segment that supports a suggested value.
Continue,Button label,Shared (used across 4 views),Accept button on the confirmation modals shown in the template editor when saving affects a large number of entities or conflicts with concurrent template changes.
Conversion failed,Status message,Shared (used across 2 views),"Message shown on a document file card when its conversion/processing failed, in the legacy attachments list (Library and Entity view)."
Cookie preferences,Footer link,Global navigation,Link in the site footer that reopens the cookie-consent preferences dialog.
Copied,Button label (temporary state),Settings > Dataviz > Preview panel,Label shown briefly on the copy button in the JSON copy panel right after the value is copied to clipboard.
Copied to clipboard,Confirmation tooltip/toast,Shared (used across 5 views),"Confirmation shown after using a copy-to-clipboard button, used both for attachment links and the reusable Copy Value input (two-factor setup, page embed code, Preserve settings, Dataviz embed panel)."
Copy,Button label,Settings > Dataviz > Preview panel,Default label on the button that copies the rendered ECharts JSON configuration to clipboard.
Copy from,Modal heading,Copy From dialog in Entity view or Library,"Heading of the Copy From modal shown when no source entity is selected yet, letting the user search for an entity to copy metadata from."
Copy From,Button label,Library / Entity view,Toolbar button shown while editing an entity's metadata that lets the user copy field values from another entity.
Copy from this entity,Section label,Copy From dialog in Entity view or Library,"Small uppercase label above the field list in the Copy From source preview, identifying the entity whose values can be copied."
Copy from...,Footer button label,Library,"Button shown while editing an entity's metadata in the Library preview panel, for copying values from another entity."
Copy Highlighted,Button label,Entity view,"Confirms copying the highlighted properties in the ""copy metadata from another entity"" panel."
Copy link,Dropdown menu item,Shared (used across 2 views),"Option in a supporting file's action dropdown (Attachment component) that copies its direct download link to the clipboard, shown in Library and Entity view."
Copy properties to this entity from,Panel heading,Shared (used across 2 views),"Heading shown in the metadata side panel when copying property values from another entity, in Library and Entity view."
Copy to clipboard,Icon button label,Shared (used across 4 views),"Screen-reader label on the copy icon of the reusable copy-to-clipboard input, used for Dataviz embed codes, Settings > Pages config values, Settings > Account two-factor setup, and Settings > Preserve."
Could not add media. Please try again.,Error message,Entity view,Shown in the media picker modal when selecting or uploading a media file fails.
Could not be processed,Status message,Entity view,Text shown in the OCR status panel when OCR processing failed for the document.
Could not create entity,Error notification,Entity view,Toast shown when creating a new entity from within the create-relationship modal fails.
Could not detect the area for the selected text,Warning toast,Entity view,"Toast shown when a user selects text in the PDF viewer to fill a metadata field but the tool cannot map the selection to a page area, in the entity edit view's PDF-to-metadata fill feature (legacy and V2)."
Could not load suggestions.,Error message,Library,Shown inside a keyword facet when the async lookup for filter suggestions fails.
Could not reach server. Please try again later.,Error toast notification title,Global,"Toast shown whenever any API request fails from a network error or timeout, raised by both the legacy request layer and the V2 API client's notification policy."
Count,Table column header,Settings > Dataviz > Preview panel,"Column header for the numeric value, used in the preview's data summary table and in the list-type chart rendering."
Create,Button label,Settings > Metadata extraction,"Submit button in step 2 of the Extractor modal that creates a new extractor (label becomes ""Update"" when editing an existing one)."
CREATE,Pill/badge label (Action column),Settings > Activity Log,"Row action type is a key of the `methodColors` map in `TableElements.tsx`, rendered via `<Translate>{action}</Translate>` inside `ActionPill` as a colored pill per log entry."
Create a type to continue.,Helper text,Entity view,"Message shown to admin users when no relationship types exist, prompting them to create one before proceeding."
Create and edit thesauri,Table cell text (User Action column),Settings > Users — Permissions info modal,"`action` value in the `permissionsByRole` array in `PermissionsListModal.tsx`, rendered via `<Translate>{cell.getValue()}</Translate>` in `ActionCell`."
Create Connection,Panel heading,Entity view,Heading of the side panel used to create a new basic relationship/reference between the current document or entity and another item.
Create entity,Button label,Library,Button in the Library footer that opens the form to create a new entity.
Create Entity,Button label,Entity view,"Button at the bottom of the ""add entities"" side panel that starts creating a brand-new entity to add to the relationship."
Create Extractor,Button label,Settings > Metadata extraction,"Footer button on the dashboard that opens the extractor modal to create a new extractor, shown when nothing is selected."
Create new entities and upload documents,Table cell text (User Action column),Settings > Users — Permissions info modal,Same `permissionsByRole`/`ActionCell` pattern in `PermissionsListModal.tsx` as the other permission-action rows.
Create new entity from selection,Button label,Entity view,Label on the dashed-border button that lets the user create a new entity from the current selection instead of picking an existing one.
Create Reference,Panel heading,Entity view,Heading of the side panel shown when creating a text-range reference from a specific passage in a document.
Create relationship,Button label,Entity view,"Button that opens the create-relationship flow, appearing in the text-selection floating menu, the relation-type step, and the relationships panel action bar."
Create relationship types,Table cell text (User Action column),Settings > Users — Permissions info modal,Same `permissionsByRole`/`ActionCell` pattern in `PermissionsListModal.tsx`.
Create relationships and references,Table cell text (User Action column),Settings > Users — Permissions info modal,Same `permissionsByRole`/`ActionCell` pattern in `PermissionsListModal.tsx`.
Create table of contents,Table cell text (User Action column),Settings > Users — Permissions info modal,Same `permissionsByRole`/`ActionCell` pattern in `PermissionsListModal.tsx`.
Create visualization,Button label,Settings > Data visualizations,"Primary button in the list footer, shown when no rows are selected, that opens the new-visualization editor."
Created,Label in metadata line,Entity view,Prefix before the entity's creation date/time in the system dates line shown on the metadata panel.
Created entity,Table cell text (Description column prefix),Settings > Activity Log,"`desc: 'Created entity'` value in backend `api/activitylog/activitylogParser.ts` becomes `semantic.description`; rendered via `<Translate className=""font-semibold"">{semanticData.description}</Translate>` in `TableElements.tsx`'s `DescriptionCell`, followed by the entity name."
Created entity coming from a public form,Table cell text (Description column prefix),Settings > Activity Log,Same `activitylogParser.ts`/`DescriptionCell` pattern; `desc` value for the `POST/api/public` route (public-form entity submission).
Created page,Table cell text (Description column prefix),Settings > Activity Log,Same `activitylogParser.ts`/`DescriptionCell` pattern; `desc` value for the `POST/api/pages` route.
Created relation type,Table cell text (Description column prefix),Settings > Activity Log,Same `activitylogParser.ts`/`DescriptionCell` pattern; `desc` value for the relation-type creation route.
Created relationship,Table cell text (Description column prefix),Settings > Activity Log,Same `activitylogParser.ts`/`DescriptionCell` pattern; `desc` value for the `POST/api/references` route.
Created template,Table cell text (Description column prefix),Settings > Activity Log,Same `activitylogParser.ts`/`DescriptionCell` pattern; `desc` value for template creation.
Created thesaurus,Table cell text (Description column prefix),Settings > Activity Log,Same `activitylogParser.ts`/`DescriptionCell` pattern; `desc` value for thesaurus creation.
Created user group,Table cell text (Description column prefix),Settings > Activity Log,Same `activitylogParser.ts`/`DescriptionCell` pattern; `desc` value for user-group creation.
Creating entities,Status label,Settings > Import CSV,Status text shown while entities are being created from the CSV rows.
Creating relationships,Status label,Settings > Import CSV,Status text shown while required relationships are being created.
Creating thesauri,Status label,Settings > Import CSV,Status text shown while required thesaurus values are being created.
CSS,Tab label,Settings > Pages,Label of the tab in the Page Editor for writing the page's custom CSS.
csv blank state message,Blank state message,Settings > Import CSV,"Description under the empty-state heading, instructing users to import a CSV or ZIP to create entities in bulk."
CSV Import,Task label prefix,Settings > Import CSV,Prefix text prepended to the current stage name in the background task entry shown in the app's task/notifications panel while a CSV import runs.
CSV import cancelled,Toast notification,Settings > Import CSV,"Confirmation toast shown after an admin cancels a CSV import, from the cancel modal or background task tracking."
CSV import completed,Toast notification title,Settings > Import CSV,Title of the success toast fired when a CSV import task finishes successfully.
CSV import failed,Toast notification title,Settings > Import CSV,Title of the error toast fired when a CSV import task fails.
CSV or ZIP up to 50MB,Dropzone helper text,Settings > Import CSV,"Helper text inside the file dropzone in the upload modal, stating accepted file types and the size limit."
Ctrl K,Keyboard shortcut badge,AI Assistant (Bert) panel,Small badge in the Bert modal header showing the keyboard shortcut that opens the assistant.
Current Value/Suggestion,Table column header,Settings > Metadata extraction,Column header in the suggestions table pairing the entity's current value with the extractor's suggested value.
"Custom colors are not available for this chart type. Use the chart palette or template
            colors instead.",Warning/hint text,Dataviz chart editor — Appearance tab,"Literal text inside `<Translate>` in `V2/Dataviz/editor/components/tabs/AppearanceTab.tsx`, wrapped across two source lines as one JSX text node with an embedded newline+indentation; shown when `colorMode` is 'custom' but the chart type doesn't support custom colors. JSX normalizes it to one space-joined sentence at render, but the scanner captured the raw multi-line source text."
Custom component error,Error message,Pages,Shown inline when a custom markdown widget in a Page fails to parse.
Custom CSS,Tab label / section label,Settings > Customization,"Labels the CSS editor tab when JS is also enabled, or the field label above the CSS editor when only CSS customization is allowed."
Custom Favicon,Image picker label,Settings > Collection,"Label with tooltip for the favicon upload picker in the General card, shown when theme customization is off."
Custom JS,Tab label,Settings > Customization,Labels the tab that opens the JavaScript code editor when custom JS is enabled for the instance.
Custom landing page,Input field label,Settings > Collection,Label with tooltip for the field setting a custom URL path used as the collection's landing page.
custom page error warning,Warning banner text,Entity view,Warning banner shown to admins and editors when a custom entity page's script throws an unexpected error.
Custom Uploads,Table caption,Settings > Custom Uploads,Visually hidden-style heading text above the Custom Uploads table listing uploaded files.
Customized,Status badge,Settings > Collection,Pill badge on the theme card shown when the active theme has custom color overrides.
Dark,Multi-select option label,Settings > Collection,"Option in the Map Layers multi-select, under the Map card, selecting the dark map tile style."
Dark Theme,Field label,Settings > Collection,Label shown above the dark-mode logo and favicon pickers in the theme sidepanel.
Dashboard,Navigation link,Settings,Admin-only sidebar link in the Settings navigation menu that routes to the dashboard settings page.
Data may be outdated.,Warning text above embedded chart,Pages / Entity view,Small warning line shown above an embedded chart in DatavizEmbed when the chart's underlying data payload is marked stale.
Data sources,Section heading,Settings > Dataviz > Data tab,Heading above the list of data sources configured for the visualization query.
Data visualizations,Table section heading,Settings > Data visualizations,Heading displayed above the table listing all data visualizations on the settings page.
Data was updated recently. You can refresh again in a few seconds.,Helper text,Settings > Dataviz > Refresh tab,Cooldown message shown right after a manual refresh while the refresh button is temporarily disabled.
Date,Table column header,Settings > Import CSV,"Header for the created-date column in the imports table, and the date label on the import status page."
Date added,Sort option label,Library,"Option in the toolbar's sort dropdown, sorting results by creation date."
Date modified,Sort dropdown option / current-sort label,Library (document list),"Defined as `{ label: 'Date modified', value: 'editDate', context: 'System' }` in `app/react/Library/helpers/sortComponets.ts`'s `getCommonSorts`, then translated dynamically via `t(option.context, option.label, ...)` in `getSortOptions` — not a literal `t()` call, so the scanner missed it. Rendered as a ""Sort by"" menu item and, when active, as the dropdown button's current label in `SortDropdown.tsx`."
"Date or numeric × numeric enables scatter and heatmap. Line, area, and bar plot the
                measure over the primary dimension (e.g. max engine size per registration date).",Helper text,Settings > Dataviz > Data tab,"Hint shown under the dimension pickers when both dimensions are numeric or date, listing which chart types apply."
"Date or numeric × select enables line and area charts with one line per breakdown
                value over time.",Helper text,Settings > Dataviz > Data tab,Hint shown under the dimension pickers when a date or numeric dimension is paired with a categorical breakdown.
Date range,Property-type dropdown option (untranslated),"Settings > Templates > property editor (Add property ""Property type"" select)","Defined as `{ value: 'daterange', label: 'Date range' }` in the `propertyTypeOptions` array in `app/react/V2/Routes/Settings/Templates/components/fields/PropertyTypeField.tsx`, passed straight into the native `<option>` in `Select.tsx`, which never wraps labels in `Translate`/`t()` — it renders as literal English regardless of locale, which is why the scanner (looking for `Translate`/`t()` calls) never sees it as a translation key."
Day,Date format example text,Settings > Collection,Labels the day part of each example format listed in the Default date format dropdown options.
"Deep-merged onto the generated ECharts option. Use for fine-tuning options not exposed in
          the Chart tab.",Helper/description text,Dataviz chart editor > Advanced tab,"Literal text inside `<Translate>` in `app/react/V2/Dataviz/editor/components/tabs/ChartAdvancedSection.tsx` (lines 92-95), under the ""Advanced ECharts overrides"" JSON editor — missed only because the source wraps the sentence across lines with different indentation than the scanner expected, not because it's dynamic."
Default,Screen-reader-only button label,Settings > Languages,Hidden accessible label on the star button used to mark a language as the default.
Default date format,Select field label,Settings > Collection,Label for the dropdown choosing the collection's default date display format.
Default filter,Checkbox label,Settings > Templates,Checkbox label for setting a property as the template's default library filter; also shown as a summary pill in the properties table.
Default language,Screen-reader-only table column header,Settings > Languages,Hidden accessible header for the table column holding the default-language star button.
Default language change success,Toast notification,Settings > Languages,Success message shown after a language is set as the collection's default.
Default template set successfully.,Toast notification,Settings > Templates,Success toast shown after marking a template as the default one in the templates list.
Default View,Select field label,Settings > Collection,"Label for the dropdown choosing the library's default view, Cards, Map or Table."
Delete,Button and confirmation-dialog label,Shared (used across 13 views),"Label on Delete buttons and their confirmation dialogs throughout the entity view, covering files, relationships, and the entity itself."
DELETE,Action filter option / colored action-badge text,Settings > Activity log,"Constructed dynamically in two spots: `t('System', method, ...)` over `['CREATE','UPDATE','DELETE',...]` in `FiltersSidePanel.tsx` (method filter dropdown options), and `<Translate>{action}</Translate>` in `TableElements.tsx`'s `ActionPill`, where `action` is the backend `Methods.Delete = 'DELETE'` enum value from `app/api/activitylog/activityLogBuilder.ts` — shown as the colored pill in the Action column."
Delete entities and documents,Permission matrix table cell,Settings > Users > Permissions modal,"Listed as an `action` field value in the static rows array in `PermissionsListModal.tsx`, rendered via `<Translate>{cell.getValue()}</Translate>` in the ""User Action"" column of the Admin/Editor/Collaborator permissions table."
Delete file,Button label,Entity view,Label on the delete button in a file's details panel used to remove that file from the entity.
Delete relationship,Confirmation modal heading / icon button aria-label,Entity view,"Heading of the confirmation modal for deleting one relationship, and the aria-label on per-row delete icon buttons."
Delete relationships,Confirmation modal heading,Entity view,Heading of the confirmation modal shown when bulk-deleting more than one selected relationship.
Delete?,Confirmation prompt,Entity view,"Text in a popover confirming deletion, used when removing a table-of-contents entry."
Deleted attachment,Activity log entry description,Settings > Activity log,"`desc: 'Deleted attachment'` for the `DELETE/api/attachments/delete` route in `app/api/activitylog/activitylogParser.ts`; surfaced to the frontend as `semantic.description` and rendered via `<Translate className=""font-semibold"">{semanticData.description}</Translate>` in `TableElements.tsx`'s Description column."
Deleted custom file,Toast notification,Settings > Custom Uploads,Success toast shown after deleting one or more custom uploads from the table.
Deleted entity,Status label,Library,Footer label shown on a list item when the referenced entity has been deleted.
Deleted file,Activity log entry description,Settings > Activity log,"`desc: 'Deleted file'` for `DELETE/api/files` in `app/api/activitylog/activitylogParser.ts`, rendered the same way via `semanticData.description` in `TableElements.tsx`."
Deleted multiple entities,Activity log entry description,Settings > Activity log,"`desc: 'Deleted multiple entities'` for `POST/api/entities/bulkdelete` in `activitylogParser.ts`, rendered via `semanticData.description` in `TableElements.tsx`."
Deleted page,Activity log entry description,Settings > Activity log,"`desc: 'Deleted page'` for `DELETE/api/pages` in `activitylogParser.ts`, rendered via `semanticData.description` in `TableElements.tsx`."
Deleted relation type,Activity log entry description,Settings > Activity log,"`desc: 'Deleted relation type'` for `DELETE/api/relationtypes` in `activitylogParser.ts`, rendered via `semanticData.description` in `TableElements.tsx`."
Deleted relationship,Activity log entry description,Settings > Activity log,"`desc: 'Deleted relationship'` for `DELETE/api/references` in `activitylogParser.ts`, rendered via `semanticData.description` in `TableElements.tsx`."
Deleted successfully.,Toast notification,Settings > Data visualizations,Success toast shown after deleting a visualization (single or selected) from the Data visualizations list or editor.
Deleted template,Activity log entry description,Settings > Activity log,"`desc: 'Deleted template'` for `DELETE/api/templates` in `activitylogParser.ts`, rendered via `semanticData.description` in `TableElements.tsx`."
Deleted thesaurus,Activity log entry description,Settings > Activity log,"`desc: 'Deleted thesaurus'` for `DELETE/api/thesauris` in `activitylogParser.ts`, rendered via `semanticData.description` in `TableElements.tsx`."
Deleted user,Toast notification,Settings > Users & Groups,Success toast shown after deleting one or more selected users from the users table.
Deleted user group,Toast notification,Settings > Users & Groups,Success toast shown after deleting one or more selected groups from the groups table.
Deletion success,Toast notification,Library,Success toast shown after bulk-deleting the entities selected in the Library's multi-select toolbar.
Density,Menu row label,Entity view,"Label for the row-density control in the relationships display menu, hidden in graph view."
Descending,Select option label,Library,Option in the Order select within the toolbar's Display options menu.
Description,Table column header,Settings > Activity Log,"Header label for the description column in the activity log table, summarizing what each logged action did."
Deselect all,Button label,Entity view,Clears the current selection in the Entity view's Files toolbar and relationships action bar.
Direction,Dropdown option label,Entity view,"""Group by direction"" option in the relationships panel's group-by menu."
Disable,Toggle button state label,Unresolved,Text shown on a generic enable/disable toggle button when checked and hovered; the EnableButtonCheckbox component that contains it is currently not used anywhere in production code (only in its Storybook story and Cypress spec).
Disable highlights,Tooltip,Entity view,Tooltip on the button in the text-selection menu that toggles off reference highlight click handling.
Disabled 2FA,Toast notification,Settings > Users & Groups,Success toast shown after resetting (disabling) two-factor authentication for one or more users.
Discard,Button label,Unresolved,Accept button on the DirtyDiscardModal that confirms discarding unsaved changes.
Discard changes,Button label,Shared (used across 10 views),"Label on the cancel/discard button of confirmation dialogs, used in the legacy and V2 entity-sharing modals and in the generic ""unsaved changes"" navigation-guard dialog across several Settings sub-pages (Filters, Customization, Thesauri, Custom Uploads, Menu, Templates, Pages, Translations)."
Discard changes?,Modal heading,Shared (used across 8 views),"Heading of the confirmation modal shown when leaving a Settings editor (Filters, Customization, CustomUploads, MenuConfig, Thesauri, Translations, Pages, Templates) with unsaved changes."
Display entity view from page,Checkbox label,Settings > Templates,"Checkbox label enabling display of the entity view from a selected custom page, in the template editor header."
Display options,Icon button aria-label,Entity view,"Accessible label for the button that opens the relationships panel's display-options menu for grouping, sorting, and density."
Do you want disable 2FA for the following users?,Confirmation modal body text,"Settings > Users (bulk ""Reset 2FA"" action)","Literal string assigned to `confirmationModalProps.body` in `Users.tsx` (line 188), passed as `warningText` to `ConfirmationModal.tsx`, whose `renderChild` wraps string children in `<Translate>{child}</Translate>` — a dynamic variable, missed by the literal scanner."
Do you want reset the password for the following users?,Confirmation modal body text,"Settings > Users (bulk ""Reset passwords"" action)","Same pattern: literal string assigned to `confirmationModalProps.body` in `Users.tsx` (line 174), rendered via `<Translate>{warningText}</Translate>` inside `ConfirmationModal.tsx`."
Do you want to delete the following items?,Confirmation dialog message,Shared (used across 4 views),"Warning text in the confirmation modal shown before deleting selected custom uploads (also reused for pages, relationship types, and templates deletions)."
Document,Section label,Entity view,Heading used above a file's document-context badge and above full-text search snippet results.
Document contents,Section header,Library / Entity view,"Header above full-text snippet results in the document side panel's text-search tab, and above the snippet preview shown on Library entity cards."
Document OCR trigger,Toggle label,Settings > Collection,"Label for the toggle enabling the document OCR trigger service, in the Services card."
Document Title,Form field label,Shared (used across 2 views),Label for the file name input when editing a document's title in the legacy attachments file-edit form.
Document updated,Success notification,Entity view,Toast confirming the document was updated after marking the table of contents as reviewed.
documents,Counter unit label,Library,Unit label next to the total entity count shown above the map in the Library's map view.
Documents,CSV export column header,Library/Search results (CSV export),"Defined as `{ label: 'Documents', name: 'documents' }` in `app/api/csv/csvExporter.ts`'s `concatCommonHeaders`; translated server-side via `translateCommonHeaders`, which looks up `systemValues[header.label]` from the System-context translation map before writing it as a column header in the exported CSV — a backend lookup-table pattern, not a `Translate`/`t()` JSX call."
Done,Button label,Entity view,"Confirms edits in the file rename and language editor panel, saving the updated file details."
Done creating entities,Status title label,Settings > Import CSV,Short status badge title shown on the import status page once the entity-creation stage finishes.
Done creating relationships,Status label,Settings > Import CSV,Status text shown once required relationships have been created.
Done creating thesauri,Status label,Settings > Import CSV,Status text shown once required thesaurus values have been created.
Done extracting files,Status label,Settings > Import CSV,Status text shown once file extraction has finished.
Done scanning,Status label,Settings > Import CSV,Status text shown once the preflight scan has finished.
Download,Link/button label,Shared (used across 2 views),"Download action for an entity's uploaded file, shown in the legacy attachments list/side panel (Library and Entity view) and the newer Entity view file components."
Download a third-party authenticator app from your mobile store.,Instruction list item,Settings > Account,"First step in the numbered setup instructions inside the ""Using Authenticator"" card."
Download all,Button label,Entity view,"Button in the Files tab footer, shown when multiple files are selected, to download all of them."
Download failed rows,Button label,Settings > Import CSV,Footer button on the import status page that downloads a CSV of the rows that failed to import.
Draft restored from release.,Toast notification,Settings > Pages,Success toast shown after confirming Restore in the restore-version modal of the Page Editor.
Drag and drop file in this window to upload,Instructional text,Shared (used across 2 views),Helper text in the attachments upload modal's drop zone telling the user they can drag a file to upload it.
Drag row,Icon button label,Shared (used across many views),"Screen-reader label on the drag handle used to reorder rows, shared between the entity Files data table and the legacy Table component used across many Settings list pages."
Drop your files here to upload or,Instruction text,Pages,Label inside the drag-and-drop zone of a public entity submission form.
Duplicate values not allowed.,Error message,Entity view,Validation error in the add-thesaurus-value modal when the entered value already exists.
Duplicated email,Form field validation error,Settings > Users > Add/Edit user sidepanel,"Returned by `getFieldError('email', 'isUnique')` in `UserFormSidepanel.tsx`, passed as `errorMessage` to the email `InputField`, whose `InputError` component wraps string children in `<Translate>{children}</Translate>` — shown when the email fails the uniqueness check."
Duplicated name,Validation error text,Unresolved,"Inline validation error shown under the relationship-type name field when the entered name already exists, in the same unwired ""Add relationship type"" modal."
Duplicated username,Form field validation error,Settings > Users > Add/Edit user sidepanel,"Same mechanism: `getFieldError('username', 'isUnique')` in `UserFormSidepanel.tsx` feeds into `InputError`'s dynamic `<Translate>{children}</Translate>`, shown when the username fails the uniqueness check."
Duration,Field label,Entity view,Label above the playback duration shown on a FileCard for audio/video attachments in the entity Files list.
e.g.,Example-prefix label in a tips popover,Entity view,Precedes the sample query shown at the bottom of the relationship search tips popover.
Each series uses the template brand color when comparing data sources.,Helper text,Settings > Data Visualizations,"Hint explaining per-template brand coloring for multi-source charts, in the Appearance section of the Dataviz editor."
Earlier,Section label,Unresolved,"Section header for older notifications, alongside ""Today"", in the Notifications panel."
Edit,Button label,Shared (used across 12 views),"Generic edit action button used across metadata forms, tables, and settings screens throughout the app."
Edit at source,Icon button title (tooltip),Entity view,"Title attribute on the pencil icon button in a connected-entity row of the relationship field editor, opening that entity for editing."
Edit Extractor,Button label / modal heading,Settings > Metadata extraction,"Footer button on the dashboard that opens the extractor modal to edit the selected extractor, and the modal's heading while editing."
Edit File,Sidepanel title,Settings > Custom Uploads,Title of the sidepanel opened to rename a custom upload file.
Edit group,Sidepanel title / Button label,Settings > Thesauri,Title and submit button label of the sidepanel used to edit an existing thesaurus group.
Edit item,Sidepanel title,Settings > Thesauri,Title of the sidepanel shown when editing an existing thesaurus item.
Edit metadata of entities,Permission matrix table cell,Settings > Users > Permissions modal,"Listed as an `action` field value in `PermissionsListModal.tsx`'s static rows array, rendered via `<Translate>{cell.getValue()}</Translate>` in the same permissions table as ""Delete entities and documents""."
Edit theme,Button label,Settings > Collection,Button on the theme card that opens the theme and branding sidepanel.
Edit user,Sidepanel title,Settings > Users & Groups,Title of the sidepanel shown when editing an existing user.
Edited,Label in metadata line,Entity view,Prefix before the entity's last-edited date/time in the same system dates line.
editor,Role status pill,Settings > Users (user list table),"Rendered via `<Translate>{value}</Translate>` in `RolePill` (app/react/V2/Routes/Settings/Users/components/TableComponents.tsx), where `value` is `user.role` ('admin'/'editor'/'collaborator') — a dynamic variable, not a literal."
Editor,Table column header and option label,Settings > Users & Groups,Column header for the editor permission level and the editor option in the user role selector.
Editors,Stat label,Settings > Dashboard,Label next to the editor user count in the Users card's breakdown row.
Email,Form field label,Login,"Label for the email field on the login page's password recovery form, also used on the contact form widget and Settings account forms."
Embed,Section heading,Settings > Dataviz > Embed panel,"Heading of the sidebar panel with embed and sharing options, shown in both the saved and unsaved states."
Embed in pages,Section label,Settings > Dataviz > Embed panel,Label above the copyable snippet for embedding the chart inside a Uwazi page.
Empty,Screen-reader-only column label,Unresolved,Hidden accessible label for the drag-handle and group-toggle columns in the shared Table component used by several reorderable/groupable Settings tables.
Empty group. Drop here to add,Table placeholder message,Unresolved,"Placeholder row text shown for an empty group when drag-and-drop reordering is enabled, in the shared Table component."
Enable,Button label,Settings > Account,"Label on the button that opens the 2FA setup sidepanel, and on the button inside that sidepanel that submits the verification code to turn 2FA on."
Enable public embedding to use this chart in external sites on private instances.,Helper text,Settings > Dataviz > Embed panel,Message shown instead of the iframe snippet when public embedding is not yet enabled on a private instance.
Enable this page to be used as an entity view page:,Toggle label,Settings > Pages,Text beside the toggle switch in the Configuration tab that marks the page as an entity view page.
Enter the 6-digit verification code generated by your Authenticator app,Input field label,Settings > Account,Label for the input where the user types the verification code from their authenticator app to confirm setup.
"Enter the full username, email, or group name. Suggestions are not shown.",Helper text,Entity view,Hint text revealed under the lookup input in the Share modal when the info toggle is opened.
Enter your current password to confirm,Label (password field),Settings > Account / Settings > Users,"Label for the password field in the confirmation modal shown when a sensitive action, such as changing your own account email or removing a user, requires re-entering the current password."
entities,Text label,Shared (used across 4 views),Text label showing the entity count in the template editor's progress bar and in the toast fired while property changes are applied across existing entities.
Entities,Table column header / field label,Settings > Templates,Header for the entity-count column in the matching-properties table and the field label for choosing which entity type a relationship property points to.
entities · generated,Caption text,Settings > Dataviz > Preview panel,"Small caption under the chart preview showing total entity count and generation timestamp, e.g. ""42 entities · generated <date>""."
Entities across all languages,Card subtext,Settings > Dashboard,"Descriptive caption under the entity count in the Entities card, explaining it includes all languages."
Entities created,Stat label,Settings > Import CSV,Column header in the imports table and stat-card label on the import status page for the count of created entities.
Entities updated,Stat label,Settings > Import CSV,Column header in the imports table and stat-card label on the import status page for the count of updated entities.
Entity,Side panel title,Settings > Paragraph Extraction,"Heading of the side panel that opens when viewing a paragraph's source entity, in ViewParagraphSidePanel.tsx."
Entity creation stage completed.,Status description text,Settings > Import CSV,Description line on the import status page once the entity-creation stage finishes.
Entity deleted,Toast notification,Library,Success notification shown after an entity or document is deleted from the Library.
Entity Page,Table column header,Settings > Pages,Header of the column in the Pages list table showing a Yes/No pill for whether a page is an entity view.
Entity saved,Toast notification,Entity view,Success toast shown after saving changes from the legacy standalone Entity view page.
Entity scope,Section heading,Settings > Data Visualizations,Heading over the published/unpublished entity-scope options in the Dataviz editor's Data section.
Entity type,Field label,Entity view,Label above the grid of template buttons used to pick the type for a newly created entity.
Entity types,Section title / field label,Settings > Filters,"Card title and multi-select field label in the Add/Edit group sidepanel, used to pick which entity types belong to a filter group."
Entity updated,Success notification,Library,Toast shown after successfully saving changes to a single entity in the Library.
Error,Status label / checkbox label,Settings > Metadata extraction,"Label for the error state, used in the process status message, the filter checkboxes, and the current-value cell when a suggestion failed to process."
Error adding thesauri.,Toast notification (error),Settings > Thesauri,Error toast shown when importing a thesaurus file in the editor fails.
Error loading your image,Error message,Entity view,Shown in place of an image metadata value that fails to load.
Error saving template.,Toast notification,Settings > Templates,Error toast shown when saving a template fails for a reason other than the entity-count reindex conflict.
Error updating thesauri.,Toast notification (error),Settings > Thesauri,Error toast shown when saving changes to a thesaurus fails.
evidence,Tooltip label,Entity view,Unit label after the evidence count in a relationship graph node's hover tooltip.
exact phrase,Code example,Entity view,Quoted code example illustrating exact-phrase search syntax in the search-tips popover.
Expand all,Button label,Shared (used across 7 views),"Generic ""expand all"" control on the relationships tab of the document/entity side panel and Library filters panel, also reused to expand grouped rows in several V2 Settings tables (Filters, Thesauri, Menu Config, Paragraph Extraction, Metadata extraction)."
Expand All,Button label,Entity view,Button in the ToC header that expands all table-of-contents entries with children.
Export CSV,Button label,Library,Label on the Library footer button that opens the CSV export flow for the current search results.
Exporting entities to CSV,Modal heading,Library,Heading of the captcha modal shown before exporting entities to CSV for unauthenticated users.
Extension Token,Input field label,Settings > Preserve Extension,Label on the copy-to-clipboard input that displays the user's generated Preserve extension token.
External embed,Section label,Settings > Dataviz > Embed panel,"Label above the section for embedding the chart on external, non-Uwazi sites via iframe."
Extract new paragraphs,Button label,Settings > Paragraph Extraction,Footer button on the entities dashboard that starts extraction of newly found entities.
Extract paragraphs,Button label,Settings > Paragraph Extraction,Button that opens the confirmation dialog to extract paragraphs from selected entities.
Extracting files,Status label,Settings > Import CSV,Status text shown while files are being extracted from an uploaded ZIP package.
Extracting files from uploaded package.,Status description,Settings > Import CSV,Description shown on the import status page while files are extracted from the uploaded package.
Extraction configuration,Wizard step title,Settings > Paragraph Extraction,Title of the third (final) step of the create-extractor wizard.
Extractor name,Input placeholder,Settings > Metadata extraction,Placeholder text in the name field at the top of the Extractor modal.
Extractor Name,Table column header,Settings > Metadata extraction,Column header in the extractors table listing the name of each metadata extractor.
Extractor/s deleted,Toast notification,Settings > Metadata extraction,Success toast shown after deleting one or more extractors from the Metadata extraction dashboard.
Extractors,Table title,Settings > Metadata extraction,Header title above the table listing configured extractors on the Metadata extraction dashboard.
Failed,Status label,Settings > Import CSV,"Column header and failed-count summary label in the imports table, and the status text shown when an import fails."
Failed to mark table of contents as reviewed,Error notification,Entity view,Toast shown when marking the table of contents as reviewed fails.
Failed to save table of contents,Error notification,Entity view,Toast shown when saving edits to the table of contents fails.
Failure details,Section heading,Settings > Import CSV,"Heading above the failed-rows section on the import status page, and the title of the errors table itself."
Favicon description,Tooltip,Settings > Collection,Tooltip on the Custom Favicon field explaining how to upload and select a favicon.
Favicon no images hint,Empty-state message,Settings > Collection,Hint shown in the favicon picker's gallery when no uploaded images fit the favicon size requirements.
FEATURED,Toggle switch label,Library,Left-side label of the switch that filters the document-types list to only the collection's featured/configured types.
file,Count unit label,Entity view,Singular unit word used in file-count labels above the primary and supporting file lists.
File,Side tab label,Entity view,Label of the side tab shown when viewing a single file's details under the Files main tab.
File deleted,Toast notification,Shared (used across 2 views),"Success toast shown after deleting a document file from an entity, triggered from the legacy attachments/documents panel used in both Library preview and Entity view."
File details,Section heading,Entity view,Header label on the card that shows metadata for the file selected in the entity's file panel.
File extraction completed successfully.,Status description,Settings > Import CSV,Description shown on the import status page after file extraction completes.
File name,Input field label,Settings > Custom Uploads,Label of the filename text input inside the Edit File sidepanel's General Information card.
File preview unavailable,Empty state message,Entity view,Message shown in the file preview pane when the selected file has no URL to display.
File updated,Toast notification,Settings > Custom Uploads,Success toast shown in the Edit File sidepanel after a custom upload's filename is saved.
files,Count unit label,Entity view,Plural unit word used in file-count labels above the primary and supporting file lists.
Files,Card title,Settings > Dashboard,Title of the card showing total file count on the dashboard.
Files and database usage,Card subtext,Settings > Dashboard,"Descriptive caption under the storage size figure in the Storage card, explaining what it measures."
Fill,Radio option label,Settings > Templates,Label for the 'cover' style radio option when configuring an image or preview property; also shown as a summary pill in the properties table.
Filter,Field label,Settings > Data Visualizations,Label on each filter row in the Filters section of the Dataviz editor's Data tab.
Filter unauthorized relationships,Tooltip,Settings > Collection,Tooltip on the toggle that hides relationships pointing to restricted entities from anonymous users.
Filters,"Shared label (button, heading, side panel title)",Shared (used across 6 views),"Generic filter-controls label appearing on filter toggle buttons, drawer headers, side panels, and the Settings navigation menu."
Filters AND operator,Toggle label,Library,Left-hand label on the AND/OR switcher control in the Library's Assignee/Select/Template filters.
Filters configuration,Section heading (with icon),Settings > Filters,"Heading text at the top of the info banner on the Settings > Filters page, introducing the filter configuration instructions."
Filters configuration description,Instructional paragraph,Settings > Filters,First line of body text in the info banner on Settings > Filters explaining how entity-type filters work in the library.
Filters configuration example,Instructional list item,Settings > Filters,"Second bullet in the info banner's instructions, explaining that ""Add group"" groups filters under a label."
Filters OR operator,Toggle label,Library,Right-hand label on the same AND/OR switcher control in Library filters.
Filters saved,Toast notification,Settings > Filters,Success toast shown after a user saves changes to the filters table.
Find suggestions,Status label,Settings > Metadata extraction,Status text shown when an extractor is idle and ready to search for new suggestions.
Find suggestions after training,Checkbox label,Settings > Metadata extraction,Checkbox in the Train model modal that triggers finding suggestions automatically once training finishes.
Find suggestions for,Checkbox label,Settings > Metadata extraction,"Checkbox in the Process extractor modal that toggles finding new suggestions before processing, paired with an amount field and status filters."
Find suggestions for selected,Checkbox label,Settings > Metadata extraction,"Fixed, checked checkbox label shown in the Process extractor modal when suggestions are requested for a chosen set of entities."
Finding suggestions,Progress status message,Settings > Metadata extraction,Progress label shown while the system searches for new suggestions after training.
Fit,Radio option label,Settings > Templates,Label for the 'contain' style radio option when configuring an image or preview property; also shown as a summary pill in the properties table.
Flag,Field label,Entity view,"Label alongside ""Icon"" identifying the flag option in the icon field."
for,Label text,Entity view,"Text in the search results count line above snippet results, reading ""N matches for ""term""""."
For all entities,Radio button label,Settings > Metadata extraction,"Radio option in the Process extractor modal letting auto-accept overwrite values on every entity, not only blank ones."
For entities with blank values,Radio button label,Settings > Metadata extraction,Radio option in the Process extractor modal limiting auto-accept overwrite to entities that currently have no value.
Forgot Password or Username?,Link/tooltip text,Login,Clickable text (and its title tooltip) on the Login form that switches to the password-recovery flow.
Forms and email configuration,Card section heading,Settings > Collection,Title of the card holding email and public form settings.
From,Field label / sr-only label,"Entity view, Library, Settings > Activity Log","Labels the start value of a date or number range, used in metadata date display, the library numeric facet filter, and the activity log date filter."
From all suggestions,Radio button label,Settings > Metadata extraction,"Radio option in the Process extractor modal that auto-accepts from all existing suggestions, not just newly found ones."
From previous step,Radio button label,Settings > Metadata extraction,Radio option in the Process extractor modal that auto-accepts suggestions found during this run's search step.
From selection,Filter chip label,Entity view,Label on the active-filter chip shown when the relationships panel is filtered to items derived from the user's current selection.
From:,Label,Entity view,Label preceding the quoted text preview shown under the modal title when creating a relationship from a text selection.
Full mode,Toggle button label,Settings > Theme and branding,Switches the theme color editor into full/advanced mode exposing all semantic color variables.
Full width,Checkbox label,Settings > Templates,Checkbox label for displaying a media property using the full available width; also shown as a summary pill in the properties table.
General,Card section heading,Settings > Collection,"Title of the first settings card holding collection name, favicon, default view and other general options."
General access,Section heading,Entity view,"Heading over the segmented control (Private/Published) in the entity Share modal, doubling as its aria-label."
General Information,Card heading,Shared (used across 4 views),"Title of the card in the Account page containing the username, role and email fields."
Generated ID,Checkbox label,Settings > Templates,Checkbox label for the title property setting that uses a generated ID as the default title; also shown as a summary pill in the properties table.
Global CSS,Navigation link,Settings,"Admin sidebar link to the customisation page, shown instead of ""Global CSS & JS"" when custom JS is not allowed."
Global CSS & JS,Navigation link,Settings,"Admin sidebar link to the customisation page, shown instead of ""Global CSS"" when custom JS is allowed for the collection."
Global JS,Toggle label,Settings > Collection,Label for the toggle allowing custom global JavaScript to run on the site.
Google,Input field label,Settings > Collection,"Label for the field entering the Google Analytics tracking ID, in the Analytics card."
Group,Button or label,Shared (used across 4 views),"Generic grouping control reused on tables, menus, and thesaurus editors."
Group by,Menu row label,Entity view,Label for the control in the relationships display menu that sets how related entities are grouped.
group expressions,Legend list item in a tips popover,Entity view,"Row in the relationship search bar's tips list explaining the ""( ... )"" syntax for grouping boolean terms."
Group Options,Card title,Settings > Users & Groups,Title of the card in the group sidepanel that contains the group name field.
Group saved,Toast notification,Settings > Users & Groups,Success toast shown after creating a new group.
Group updated,Toast notification,Settings > Users & Groups,Success toast shown after saving changes to an existing group.
Grouped geolocation properties,Metadata field group title,Entity view (Metadata tab) and relationship overlay preview,"Rendered via `<Translate>{GROUPED_GEOLOCATION_LABEL}</Translate>` in `app/react/V2/Components/Metadata/Components/metadataFieldTitle.tsx`, a module constant swapped in as the field title whenever a geolocation property has a `propertyGroup`."
Groups,Tab label and table header,Settings > Users & Groups,Tab label and table header for the groups list on the Users & Groups page.
Header and button preview,Preview subtitle,Settings > Theme and branding,Subtitle text under the brand name in the mock header bar of the theme editor's live preview.
Header bar active background,Color picker row label,"Settings > Collection > Theming (Advanced Colors, ""Chrome header"" section)","Value in the `CHROME_VAR_LABELS` lookup map (app/react/V2/theme/themeChromeOverrides.ts), rendered via `<Translate>{CHROME_VAR_LABELS[key]}</Translate>` in `ThemeAdvancedColorsSection.tsx`."
Header bar background,Field label,Settings > Theme and branding,Label for the color picker controlling the top app bar's background color in the simple theme color editor.
Header bar divider,Color picker row label,"Settings > Collection > Theming (Advanced Colors, ""Chrome header"" section)",Same `CHROME_VAR_LABELS` map/consumption as above — one of the theme chrome-override variable labels rendered dynamically via `Translate`.
Header bar hover background,Color picker row label,"Settings > Collection > Theming (Advanced Colors, ""Chrome header"" section)",Same `CHROME_VAR_LABELS` map/consumption as above.
Header bar text,Color picker row label,"Settings > Collection > Theming (Advanced Colors, ""Chrome header"" section)",Same `CHROME_VAR_LABELS` map/consumption as above.
help,Link label,Library / Entity view,"""help"" link in the Markdown property editor's toolbar, pointing to GitHub's Markdown guide."
"Hi, I'm Bert.",Welcome heading,AI Assistant (Bert) panel,Greeting heading shown in the Bert modal when there is no conversation yet.
Hide actions,Button label,Library,Button that collapses the Library footer's action buttons on smaller screens.
Hide details,Toggle button label,Global,"Label on a ""collapse"" toggle button, used both on the generic error page's stack-trace section and in the notification drawer's detail section."
Hide label,Checkbox label,Settings > Templates,"Label of the checkbox that hides a property's label when displayed, in the property editor panel."
Hide restricted relationships from public,Toggle label,Settings > Collection,Label for the toggle that hides relationships to restricted entities from public users.
Hide toolbar,Button label,Library,Button in the Library header that collapses the search/sort/view toolbar on mobile.
HTML,Tab label,Settings > Pages,Label of the tab in the Page Editor for writing the page's HTML content.
https://yourdomain,Input prefix text,"Settings > Collection (""Custom landing page"" field)","Passed as the `preText` prop on `InputField` in `Collection.tsx`; `InputField.tsx` renders it directly as `<span>{preText}</span>` — a literal string bypassing the `t()`/`Translate` mechanism entirely, so it's genuinely on-screen but invisible to literal-call scanning."
hub,Badge label,Entity view,"Small badge next to a collapsible relationship row indicating it represents a multi-party ""hub"" relationship."
hubs,Pagination text,Entity view,"Word in the ""X of Y hubs"" pagination caption shown above the ""load more"" button in the relationships editor."
Hybrid,Multi-select option label,Settings > Collection,"Option in the Map Layers multi-select, under the Map card, selecting the hybrid map tile style."
Icon,Field label,Entity view,Label over the icon picker in the entity icon/flag field.
"If an account exists with the email you provided, you will receive an email
                        with instructions to reset your password.",Confirmation message,Login,"Message shown after submitting the forgot password form, confirming a reset email was sent if the account exists."
"If it is an external URL, use a fully formed URL. Ie. http://www.uwazi.io.",Info banner text,Settings > Menu,Explanatory text in the info banner of the link form describing how to enter external URLs.
"If you want to continue, please type",Modal instruction text,Global navigation,"Text in the confirmation modal's extra-confirm step, prompting the user to type a confirmation word before a destructive action proceeds."
Image doesn't match the required size.,Validation error message,Settings > Collection,Error prefix shown when a selected or uploaded image fails the dimension rule for a favicon or logotype.
Import,Button label,Settings > Thesauri,Button that opens a hidden file picker to import thesaurus values from a file.
Import asset,Button label,Settings > Custom Uploads,"Primary button in the table footer that opens the upload dropzone modal, whose header also reuses this label."
Import CSV,Button label,Settings > Import CSV,"Footer button on the CSV imports list that opens the upload modal, and the title shown at the top of that modal."
Import failed. Review details below.,Status description text,Settings > Import CSV,"Description line shown on the import status page when the import fails, pointing to the failure details section."
Import finished successfully.,Status description text,Settings > Import CSV,Description line shown on the import status page when the import completes successfully.
Import finished with errors. Review details below.,Status description text,Settings > Import CSV,"Description line shown on the import status page when the import finished with row failures, pointing to details below."
Import is currently processing rows.,Status description text,Settings > Import CSV,Description line on the import status page shown while entities are being created or an active import is processing rows.
Import is retrying after an error.,Status description text,Settings > Import CSV,Description line on the import status page while the import retries after an error.
Import theme instance file,Button label,Settings > Theme and branding,Button in the theme editor's advanced section that opens a file picker to import a theme JSON file.
Import was cancelled.,Status description text,Settings > Import CSV,Description line shown on the import status page when the user cancels the import.
Imported translations from file,Activity-log description text,Settings > Activity Log (Description column),"Value of the `desc` field for the `POST/api/translations/import` action in `app/api/activitylog/activitylogParser.ts`; consumed as `semantic.description` and rendered via `<Translate className=""font-semibold"">{semanticData.description}</Translate>` in `ActivityLog/components/TableElements.tsx`."
in,Inline connector text,Library,Short connector word appended after a metadata connection's label in an entity's connections list.
"In a group, either all relationships must have a hub or none of them.",Toast/error notification,"Entity/Library ""Connections"" (legacy relationships hub editor)","Backend validation message thrown via `createError(...)` in `app/api/relationships/relationships.js` (400 status); surfaced to the user through the generic API error handler in `app/react/utils/api.js`, which calls `t('System', error.json.error, null, false)` on the raw server error text."
In OCR queue,Status label,Entity view,Status text shown on the OCR button while a file is queued/processing for OCR.
In use,Status badge,Entity view,Small badge next to a relationship type's name indicating it is used in a template.
Include all entities,Radio option label,Settings > Data Visualizations,"Option to count both published and unpublished entities, in the Entity scope section."
Include only public,Radio option label,Settings > Data Visualizations,"Option to count only published entities, in the Entity scope section."
Incoming,Relationship direction icon label,Entity view (Relationships/connections panel row),"Value in the `directionTitles` lookup map in `app/react/V2/Routes/Entity/Components/relationships/rows/DirectionGlyph.tsx`, passed through `t('System', directionTitles[direction], null, false)` and used as the icon's `title`/`aria-label`."
Info,Tab label/tooltip,Shared (used across 2 views),"Label and tooltip for the Info/metadata tab of an entity or document's side panel, shown in Library and Entity view."
Information extraction training,Activity-log description text,Settings > Activity Log (Description column),"Same mechanism as ""Imported translations from file"" — value of the `desc` field for `POST/api/suggestions/train` in `activitylogParser.ts`, rendered via `semanticData.description` in `TableElements.tsx`."
Inherit property,Dropdown label,Settings > Templates,"Label above the select dropdown for choosing an inherited property, shown once a relationship's related template is selected."
Inherit type,Table column header,Settings > Templates,Column header in the matching-properties table showing the inherited property type configured for relationship properties.
"Inherited values are read-only. Change the connection above, or edit the source entity.",Helper text,Entity view,Explanatory note shown below a relationship field in the entity metadata editor when its values are inherited (read-only) from a connected source entity.
inherits,Inline caption text,Entity view,Part of the small caption under a relationship value showing which property labels are inherited from the connected entity.
Input,Section subheading,Settings > Metadata extraction,Subheading in step 2 of the Extractor modal above the display of the chosen source property.
Input type,Section heading,Settings > Data Visualizations,Heading over the Query/Manual data-source choice in the Dataviz editor's Data section.
Install,Button label,Settings > Languages,Confirm button in the install-languages modal that installs the selected languages.
Install Language(s),Button label / Modal heading,Settings > Languages,"Footer button that opens the install-languages modal, whose title repeats the same label."
Install the browser extension.,Instruction list item,Settings > Preserve Extension,"Step 1 of the setup instructions, telling the user to install the Preserve browser extension."
Installing languages,Background task notification,Settings > Languages,Status message shown while the language-install background task is running.
"Instructions on how to achieve this will vary according to the app used, please refer to the app's documentation.",Help text,Settings > Account (Two-Factor Authentication setup),"Literal text inside `<Translate>` in `app/react/V2/Routes/Settings/Account/Components/TwoFactorSetup.tsx`, but the sentence is prettier-wrapped across two source lines; the scanner's literal-line matching missed the multi-line JSX text node."
Instructions to reset password,Toast notification,Login,"Success toast shown after requesting a password-reset email from the Login page's ""forgot password"" flow."
Instructions to reset the password were sent to the user,Toast notification,Settings > Users & Groups,Success toast shown after triggering a password reset for one or more users.
Invalid captcha,Error notification,Library,Toast shown when the captcha entered in the CSV export modal is wrong.
Invalid csv: all the values for a row must be either nested or non-nested,Toast/error notification,Settings > Thesauri (CSV import),"Backend error thrown via `createError(..., 400)` in `app/api/csv/importThesauri.ts`; surfaced via the generic error handler in `app/react/utils/api.js` (`extractMessageFromValidation` → `t('System', error.json.error, null, false)`)."
Invalid csv: nested value need to be under a non-nested value,Toast/error notification,Settings > Thesauri (CSV import),"Same generic error-handling path as above, for the corresponding `createError(..., 400)` call in `importThesauri.ts`."
Invalid form,Error toast,Entity metadata form,"Error toast shown when the entity metadata form fails validation on submit, in the Library ""add entity"" and Entity/document edit forms."
Invalid URL,Validation error message,Entity view,Error shown in the media picker modal when the pasted URL fails validation.
It could also very easily break the app. Only write code here if you know exactly what you are doing.,Warning/help text,Settings > Collection (Global JavaScript / custom code section),"Literal text inside `<Translate>` in the `globalJS` export of `collectionSettingsTips.tsx`, wrapped across two source lines (matching the key's embedded-newline JSX text, missed by single-line literal scanning)."
it has been logged with request id #,Error toast notification message fragment,Global,"Text appended to the generic error notification with the server's request id, so the user can reference it when reporting the issue."
Item,Card heading,Settings > Thesauri,Heading on each sub-item card inside the add-group and add-item sidepanels.
Javascript,Tab label,Settings > Pages,Label of the tab in the Page Editor for writing the page's custom Javascript.
juris*,Search tip example,Entity view,"Monospace example query shown in the search tips popover, illustrating a wildcard search."
Label,Field label,Shared (used across 6 views),"Generic ""Label"" field caption reused across the link-field editor, several V2 Settings table columns (Filters, Menu, Relationship types, Thesauri) and the Templates property editor."
"Label date ""From""",Field label,Library / Entity view,"""From:"" label on date-range and numeric-range property fields in the entity metadata edit form."
"Label date ""to""",Field label,Library / Entity view,"""To:"" label on the same date-range and numeric-range property fields."
Labeled,Checkbox label,Settings > Metadata extraction,"Filter checkbox in the Stats & Filters sidepanel for suggestions whose entity already has a value, shown with a count."
Landing page description,Tooltip,Settings > Collection,"Tooltip explaining the landing page field, including example relative URLs to use."
Language,Field/dropdown label,Shared (used across 5 views),Label for the language selector and language field shown for a file in the entity's file drawer and file-details panel.
Language Code,Table column header (screen-reader only),Settings > Translations,Hidden accessible header for the column showing the language pill/status in the untranslated-terms table.
Language deleted,Toast notification,Unresolved,"Same legacy, apparently unused I18N action creator as ""New language added"" — no current call site found in the codebase."
Language reset success,Toast notification,Settings > Languages,Success message shown after a language's translations are reset.
Language uninstalled successfully,Toast notification,Global navigation,Success notification shown when a language uninstallation job triggered from Settings completes.
Language(s),Table column header,Settings > Paragraph Extraction (entities table),"Rendered via `generateTableHeader('Language(s)')` in `app/react/V2/Routes/Settings/ParagraphExtraction/components/entities/TableElements/columns.tsx`, which wraps the string in `<Translate>{translationKey}</Translate>` — a helper-function argument, not a direct literal, so the scanner missed it."
Languages,Navigation link,Settings,Admin-only sidebar link in the Settings navigation menu that routes to the languages settings page.
Languages installed successfully,Toast notification,Global navigation,Success notification shown when a language installation job triggered from Settings completes.
Last updated,Tooltip,Shared (used across 3 views),"Prefix of the tooltip text on the OCR button showing when OCR status was last updated, followed by a timestamp."
Last updated from collection:,Label text,Settings > Dataviz > Refresh tab,Prefix label before the timestamp of the last successful snapshot refresh.
Latitude,Field label,Library / Entity view,"Label for the latitude input/readout on the geolocation property field, both when editing and when viewing an entity's location."
Latitude must be between -90 and 90,Validation error message,Entity view,Error shown under a geolocation property field in the entity editor when the entered latitude is out of range.
Learn how to add and configure a contact form on a webpage.,Link text,Settings > Collection,Link inside the receiving-email tooltip pointing to the docs page on adding a contact form.
Learn how to build your first collection,Link,Library,Link in the blank-state welcome panel pointing to the onboarding tutorial.
Learn more,Link text,Library,Link at the bottom of the no-common-filters empty state pointing to Uwazi's filtering documentation.
Learn more about the components.,Link text,Settings > Pages,Link inside the HTML tab's info banner that opens external docs about page visualization components.
Lengthy reindex process,Confirmation modal header,"Settings > Templates (template editor, save-confirmation dialog)","Set as `confirmationMessages.largeNumberOfEntities.title` in `app/react/V2/Routes/Settings/Templates/helpers.ts`, passed as `header={...}` to `ConfirmationModal` in `TemplatesEditor.tsx`; the modal's `renderChild` wraps any string header in `<Translate>{child}</Translate>` — a dynamic variable, not a literal — shown when saving a template whose properties affect a large number of entities."
Library,Navigation link label,Global navigation,"Label and aria-label for the link to the document library, shown in the footer and the main navigation menu."
library list view,Link aria-label,Library,Accessibility label on the link that switches the Library back to the default cards/list view.
library map view,Link aria-label,Library,Accessibility label on the link that switches the Library into map view.
library table view,Link aria-label,Library,Accessibility label on the link that switches the Library into table view.
Light,Toggle option label,Settings > Theme and branding,Option label in the light/dark segmented control that switches the theme editor's preview mode.
Light Theme,Field label,Settings > Collection,Label shown above the light-mode logo and favicon pickers in the theme sidepanel.
Link,Thumbnail badge,Entity view,Label on a file row's thumbnail chip identifying it as an external link.
linked,Inline text,Entity view,"Connector word in a relationship's caption, e.g. ""via X · linked""."
List,View-mode option label,Library,Option in the toolbar's view dropdown that switches the results display to a compact list.
List renders as a table. Use the options below to filter empty or zero values.,Helper text,Settings > Dataviz > Chart tab,"Explanatory note shown when the ""list"" chart type is selected, describing its tabular rendering."
Live preview,Section heading,Settings > Theme and branding,Heading above the light/dark live preview panel in the theme editor.
Live translate,Menu item / toggle label,Header,"Label for the ""Live translate"" toggle in the header's language dropdown/menu, letting admins/editors enable inline translation editing on any page."
Load example,Button label,Settings > Data Visualizations,"Opens a modal to load sample chart-ready JSON, in the manual-data section of the Dataviz editor."
Load more,Button label,Library,Button inside a keyword facet that reveals additional hidden filter options beyond the initial cap.
Loading,Loading indicator text,Shared (used across 4 views),"Text shown while entity data, search results, share members, or OCR status are being fetched in the entity view."
Local time,Helper text,Settings > Dataviz > Refresh tab,Suffix shown next to the scheduled refresh time converted to the viewer's local time.
Login,Navigation link label,Global navigation,Link text in the footer that takes a logged-out visitor to the login page.
Login failed,Error message,Login,Inline error text shown next to the password field after a failed login attempt.
Logout,Navigation link label,Global navigation,Text on the mobile navigation menu's link that logs the current user out.
Longitude,Field label,Library / Entity view,Label for the longitude input/readout on the same geolocation property field.
Longitude must be between -180 and 180,Validation error message,Entity view,Error shown under a geolocation property field in the entity editor when the entered longitude is out of range.
Lookup help,Button aria-label,Entity view,Aria-label for the info button that toggles the lookup hint text in the Share modal.
Lost connection to the server. Your changes may be lost,Toast notification,Global navigation,"Warning notification shown app-wide when the websocket connection drops for more than 8 seconds, warning of possible data loss."
Manage relationship types,Modal title,Entity view,Heading and aria-label of the modal for adding or removing relationship types for the collection.
Manage site settings and configuration,Table cell text (permission description),Settings > Users & Groups (Permissions info modal),"Value in the `permissionsByRole` array in `app/react/V2/Routes/Settings/Users/components/PermissionsListModal.tsx`, rendered via `ActionCell`'s `<Translate>{cell.getValue()}</Translate>` — a lookup-table object value, not a literal."
Manage types,Button label,Entity view,Admin-only button in the relationships edit toolbar that opens the manage relationship-types dialog.
Manual data,Table cell value,Settings > Data visualizations,Shown in the Refresh column of the visualizations table when a row's data source is manual entry.
Manually set a color,Field label,Settings > Templates,"Hidden label for the hex-code text input inside the ColorPicker popover, shared by the same Templates/Theme/Dataviz color-picking contexts."
Map,Card section heading,Settings > Collection,"Heading of the Map settings card holding provider, API key and layer options, also reused as an option in the Default View dropdown."
Map API key,Input field label,Settings > Collection,Label with tooltip for the field entering the API key for the selected map provider.
Map api key tooltip,Tooltip,Settings > Collection,Tooltip on the Map API key field explaining it's required for Mapbox or Google Maps.
Map Layers,Multi-select field label,Settings > Collection,Label with tooltip for the multi-select choosing which map tile layers are available.
Map layers description,Tooltip,Settings > Collection,Tooltip on the Map Layers field explaining it configures available map layers.
Map Provider,Select field label,Settings > Collection,"Label for the dropdown choosing the map tile provider, Mapbox or Google, in the Map card."
Map view,Tooltip / button label,Library,"Tooltip text on the button that switches Library results to the map view, shown only when geolocation properties exist."
Mapbox,Select option label,Settings > Collection,Option in the Map Provider dropdown selecting Mapbox as the tile provider.
Mapping conflict error,Confirmation modal body text,"Settings > Templates (template editor, reindex/mapping-conflict dialog)","Set as `confirmationMessages.templateConflict.key` in `helpers.ts`, used as a dynamic `translationKey` prop: `<Translate translationKey={confirmationMessages.templateConflict.key}>{...text}</Translate>` in `TemplatesEditor.tsx` — shown when a template change requires a reindex due to a mapping conflict."
Mark as reviewed,Button label,Entity view,Button in the table-of-contents footer bar that marks the document's ToC as reviewed.
Mark as Reviewed,Button label,Library / Entity view,Button in the document side panel's TOC tab letting an editor confirm an auto-generated table of contents is correct.
Markdown,Accessible label for a tab list,Unresolved,"aria-label on the write/preview tab list of the Markdown field editor, identifying the tabbed control to screen reader users."
"Markdown support in custom pages will be discontinued starting in 2027. Upgrade this page
          when its content no longer relies on Markdown syntax.",Warning banner text,Settings > Pages,Body text of the deprecation warning banner shown in the Configuration tab for pages still using Markdown.
marked and labeled,Tooltip list item,Settings > Metadata extraction,"Tooltip bullet in the Train model modal explaining the ""Marked for training + all labeled entries"" sample option."
marked for training,Tooltip list item,Settings > Metadata extraction,"Tooltip bullet in the Train model modal explaining the ""Marked for training only"" sample option."
Marked for training + all labeled entries,Radio button label,Settings > Metadata extraction,Radio option in the Train model modal selecting marked entries plus all labeled entries as the sample.
Marked for training only,Radio button label,Settings > Metadata extraction,Radio option in the Train model modal selecting only entries marked for training as the sample.
match,Count unit label (singular),Entity view,"Singular unit after a match count, in the document search page tab aria-label and results summary line."
Match,Checkbox label,Settings > Metadata extraction,Filter checkbox in the Stats & Filters sidepanel for processed suggestions whose value matches the current entity value.
match verbatim,List item description,Entity view,Short description labeling the exact-phrase example as verbatim matching in the search-tips popover.
matches,Count unit label (plural),Entity view,"Plural unit after a match count, in the document search page tab aria-label and results summary line."
"matches jurisdiction, jurists, jurisprudence",Search tip description,Entity view,"Explanatory text next to the ""juris*"" example in the search tips popover."
Matches show the passage and the page they are on.,Blank state helper text,Entity view,"Subtext under the initial no-search state of the document search panel, explaining what results look like."
matching,Table cell label,Settings > Metadata extraction,"Unit label after a count in the suggestions table, showing how many child suggestions match the current value."
Matomo,Input field label,Settings > Collection,"Label for the field entering the Matomo analytics configuration, in the Analytics card."
Members,Field label and table header,Settings > Users & Groups,Label for the members multi-select field in the group sidepanel and the members column header in the groups table.
Menu,Icon button aria-label,Global navigation,Accessible label for the hamburger icon button that toggles the mobile navigation menu.
Message,Table column header,Settings > Import CSV,"Header for the ""Message"" column in the failure-details table, showing each row's error message."
Message sent,Toast notification,Pages,Success notification after submitting the contact form widget embedded in a Page.
Metadata,Checkbox row label,Shared (used across 2 views),Checkbox in the Display options menu that toggles metadata visibility in results.
Metadata Extraction,Navigation link,Settings,"Admin/editor sidebar link, shown only when the metadata-extraction feature toggle is on, routing to that settings page."
"Metric shows a single total count. Select Pie, Bar, or another chart type above to
            configure categories, labels, and slices. Use the Appearance tab for colors.",Helper/info text (chart options panel),"Settings > Data Visualizations (Dataviz editor, Chart tab)","Literal multi-line JSX text in `app/react/V2/Dataviz/editor/components/tabs/ChartTab.tsx`, wrapped in `<Translate>` but without an explicit `context=""System""` prop (it relies on the component's default context) — the scanner's literal-context regex didn't match; shown only when the selected chart type is ""Metric""."
MIGRATE,Colored status pill (Action column),Settings > Activity Log,"Value of the `Methods` enum consumed by `ActionPill` in `app/react/V2/Routes/Settings/ActivityLog/components/TableElements.tsx` via `<Translate>{action}</Translate>` — a lookup/enum value, not a literal."
Mismatch,Checkbox label,Settings > Metadata extraction,Filter checkbox in the Stats & Filters sidepanel for processed suggestions whose value differs from the current entity value.
mismatched passwords,Error message,Reset Password,Inline error shown when the password and repeat-password fields don't match on the reset password page.
mismatching,Table cell label,Settings > Metadata extraction,"Unit label after a count in the suggestions table, showing how many child suggestions differ from the current value."
Mixed access,Dropdown option,Library / Entity view,"Option in the per-member access-level dropdown of the legacy ""share entity"" modal, shown when a group has mixed read/write access across the shared entities."
ML TOC,Badge label,Shared (used across 2 views),Badge on a document file indicating its table of contents was generated automatically.
Modified,Field label,Entity view,Label above the last-modified date in the read-only metadata section of the file details panel.
Month,Date format example text,Settings > Collection,Labels the month part of each example format listed in the Default date format dropdown options.
Months,Date picker configuration string,Shared (used across multiple metadata date fields),"Title-bar label passed to the Flowbite date picker's month/year view; used wherever a date-type metadata field is edited (entity forms, filters, etc.) via the shared DatePicker component."
More,Button/menu label,Unresolved,"Label on the overflow ""More"" menu in the global header navigation, shown when nav links overflow and revealing extra links in a dropdown."
more options.,Helper text,Library / Entity view,"Text following the option count in a multiselect dropdown's ""show all"" control (""<n> more options."")."
Multi-source mode,Section heading,Settings > Dataviz > Data tab,"Heading above the selector for how multiple data sources are combined, compare side by side or merged."
Multiple inherited properties warning ([property 1] affects [property 2]),Warning text with placeholders,"Entity metadata form, multi-edit","Warning appended to a property's label when bulk-editing multiple entities, listing the other properties also affected because they share an inherited relationship."
Multiple matches found,Inline error message,Entity view,Error shown under the lookup input in the Share modal when a collaborator search is ambiguous.
Multiple relationships edit description,Tooltip text,"Entity metadata form, multi-edit","Tooltip explaining why editing this shared inherited-relationship property also changes other properties, shown next to the warning icon in the bulk-edit metadata form."
Multiple select,Dropdown option label,"Settings > Templates (Add/Edit property panel, Property type field)","Value `{ value: 'multiselect', label: 'Multiple select' }` in `app/react/V2/Routes/Settings/Templates/components/fields/PropertyTypeField.tsx`, rendered as a raw `<option>{optionLabel}</option>` in `Select.tsx` — a lookup-array value, not wrapped in `<Translate>`, so it is also not actually passed through the i18n system at render time (always shows English)."
Name,Field label,Shared (used across 11 views),"Label for the file-name field/input across the entity's file editing UI, including the add-file modal and file-details panel."
Name is required,Form field validation error,"Settings > Users & Groups (Group create/edit sidepanel, Name field)","Returned by `getFieldError()` in `app/react/V2/Routes/Settings/Users/components/GroupFormSidepanel.tsx` based on react-hook-form's `required` error type, passed to `InputField`'s `errorMessage`, which `InputError.tsx` renders via `<Translate>{child}</Translate>`."
Name is too long,Form field validation error,"Settings > Users & Groups (Group create/edit sidepanel, Name field)","Same mechanism as ""Name is required"" — returned for the `maxLength` error type in `GroupFormSidepanel.tsx`'s `getFieldError()`, rendered via `InputError.tsx`'s dynamic `<Translate>`."
Name is too short,Form field validation error,"Settings > Users & Groups (Group create/edit sidepanel, Name field)","Same mechanism — returned for the `minLength` error type in `GroupFormSidepanel.tsx`'s `getFieldError()`, rendered via `InputError.tsx`'s dynamic `<Translate>`."
Narrow down your searches,Tooltip/popover title,Shared (used across 3 views),"Title of the search-tips popover attached to the same search boxes (document text search, Library search bar, Pages search widget)."
"Narrow entities before aggregation. With multiple sources, pick the property under the
        source alias so each filter applies only to that series.",Helper text,"Dataviz chart editor (Data tab, Filters section)","Rendered via a literal multi-line `<Translate>` text node in `app/react/V2/Dataviz/editor/components/data/filters/FiltersSection.tsx` — the embedded newline/indentation in the key comes from the raw wrapped JSX source, which is why the AST scanner's exact-match missed it."
Narrow your search,Section heading,Entity view,Heading above the search-syntax tips shown when searching within an entity's document.
Navigate back,Screen-reader-only link label,Shared (used across 28 views),"Screen-reader text on the mobile back-chevron link in the Settings page header, present on nearly every Settings sub-page."
Navigation menu tool tip part 1,Info banner text,Settings > Menu,First segment of the info banner sentence in the link form explaining how to enter internal relative URLs.
Navigation menu tool tip part 2,Info banner text,Settings > Menu,"Second segment of the info banner sentence in the link form, continuing the explanation of relative URL format."
New,Status pill label,Settings > Paragraph Extraction,Pill shown in the entities table status column for entities not yet processed.
New activity will show up here.,Empty-state subtext,Unresolved,Subtext under the empty-state heading in the Notifications panel.
New conversation,Button label,AI Assistant (Bert) panel,Button in the Bert modal header that clears the current chat and starts a new conversation.
New entity,Modal step heading,Entity view,Title shown in the create-relationship modal header when the flow switches to creating a brand-new entity as the relationship target.
New group,Sidepanel title,Settings > Users & Groups,Title of the sidepanel shown when creating a new group.
New language added,Toast notification,Unresolved,Success toast defined in a legacy I18N redux action creator with no current call site found; Settings > Languages now installs languages via direct API calls instead.
New page,Default title text,"Shared (used across 3+ places: Settings > Pages editor, page creation API default, migration)","Constructed via `NEW_PAGE_TITLE_KEY` constant passed to `t('System', NEW_PAGE_TITLE_KEY, null, false)` in `app/react/V2/Routes/Settings/Pages/pageEditorForm.ts` — used as the default title for a newly created custom page."
New password,Input field label,Settings > Account,Label for the password input where the user types a new password.
New primary doc,Dropdown option label,Entity view,"Option in the add-file modal's ""Add as"" dropdown for uploading a file as a new primary document."
New relation type label…,Text input placeholder,Entity view,"Placeholder of the free-text input used to name a new relationship type, in both the manage-types modal and the relation-type step."
New relationship type,Dropdown placeholder,Entity view,Placeholder text of the relationship-type dropdown shown for a new (untyped) relationship group in the relationships editor.
New relationships group,Button label,Entity view,Label on the button that adds a new relationship hub/group while editing an entity's relationships.
New Relationships Migration,Navigation link,Settings,"Admin sidebar link, shown only when the newRelationships feature toggle is on, routing to the relationships migration page."
New user,Sidepanel title,Settings > Users & Groups,Title of the sidepanel shown when creating a new user.
Next,Pagination/wizard control label,Shared (used across 4 views),"Generic ""go to next page/step"" label used for PDF page navigation and for advancing steps in extractor-creation wizards, appearing in the Entity view, Library, and Settings (Activity Log, Metadata extraction, Paragraph Extraction)."
No,Button label,Entity view,Cancel button in the delete-confirmation popover for removing a table-of-contents entry.
No attachments,Empty state heading,Entity view,Shown in the attachments modal when a media/image field has no files uploaded yet.
No audio or video on this entity,Empty state message,Entity view,"Shown in the media picker modal, media mode, when the entity has no existing audio/video attachments to pick from."
No chart types match your search.,Empty-search message,Settings > Data Visualizations,"Message shown in the ""Load example"" modal's chart-type list when the search filter matches nothing."
No common filters,Empty state heading,Library,Heading shown in the filters panel when the selected entity types share no common filterable properties.
No connected entities yet.,Empty-state message,Entity page metadata panel (relationship-type property display),"Default value of the `emptyLabel` prop in `RelationshipConnectionsTable.tsx`, rendered via `<Translate>{emptyLabel}</Translate>` — shown when a relationship property has no connected entities and no caller overrides the label."
No Connections,Empty-state heading,Document/Entity Viewer (References side panel),"Passed as a variable into `ConnectionsList.blankStateMessage(title, message)` in `app/react/Viewer/components/ConnectionsList.jsx`, rendered via `t('System', title)` — shown when viewing ""Connections"" tab with zero references."
No Connections description,Empty-state body text,Document/Entity Viewer (References side panel),"Same `blankStateMessage` helper as above, rendered via `t('System', message)` — the description line under ""No Connections""."
No context,Checkbox label / status text,Settings > Metadata extraction,"Filter checkbox for suggestions lacking a text segment, and the matching status text shown in the suggestions table's Context column."
No CSVs yet,Blank state heading,Settings > Import CSV,Heading shown in the empty state when the CSV imports list has no entries.
No data,Empty state message in results table,Pages / Entity view,Shown by DatavizListView in place of the results table when a list-type visualization has no data points.
NO DATA AVAILABLE,Empty-state / no-data message,Shared (used across many views),"Generic fallback text for missing data, used as the default empty state in the shared Table component (many Settings pages), the entity metadata panel, the entity relationships overlay, and the Library entity preview."
No entities found,Blank-state heading,Library,Heading shown in the card or map results view when the search returns zero entities.
NO EXTRACTORS,Empty-state message,Settings > Paragraph Extraction,Message shown in the extractors table when no extractors have been created yet.
No files available,Empty state message,Entity view,Message shown when a files table or file list has no files to display.
No files queued yet.,Helper text,Entity view,Helper text below the add-file dropzone shown before any file has been selected for upload.
no filters for templates,Empty state description,Library,"Explanatory text below the ""No common filters"" heading, describing the lack of shared filters."
No Group,Dropdown option label,Settings > Menu,"Default option in the Group select field of the link form, representing no parent group."
No icon / flag,Placeholder label,Library / Entity view,Fallback text shown in the icon/flag picker list when a thesaurus value has no icon assigned.
No images on this entity,Empty state message,Entity view,"Shown in the media picker modal, image mode, when the entity has no existing image attachments to pick from."
No items available,Empty state message,Shared (used across 6 views),"Default text shown inside the multi-select list component when there are no items to choose from, across entity editing and several Settings modals."
No label,Fallback section heading,Entity view,"Fallback heading for a relationship-type group with no name, in the hidden SSR-only relationships index used for crawlers/accessibility."
No Label,Fallback label,Shared (used across 2 views),"Fallback label shown for a relationship type, filter group, or connection template that has no name defined."
No matches for,Empty results message (fragment),Entity view,Prefix shown before the quoted search term when a document search returns no matches.
No matches.,Empty-state message,Library,Shown inside a keyword facet when the current search text matches no filter options.
No matching entities.,Empty state message,Entity view,Shown in the entity search dropdown of the relationship field editor when no candidates match the typed query.
No media selected,Empty state message,Entity view,Placeholder text shown in the media property field of the entity editor when no image/audio/video has been chosen.
No metadata for this entity yet.,Empty state message,Entity view,Shown in the entity metadata panel when the entity's template has no fields with values to display.
No options,Dropdown placeholder,Shared (used across many Settings/Library filter sidepanels via `#V2/Components/Forms/MultiSelect`),"Default value of the `placeholder` prop in `app/react/V2/Components/Forms/MultiSelect.tsx`, rendered via `renderChild(placeholder)` which wraps it in `<Translate>` — shown when a multi-select has no options and no caller overrides the placeholder."
No options found,Empty-state message,Library / Entity view,Message shown inside a multiselect dropdown when no options match the current filter/search.
No page,Group label,"Entity page (V2 relationships panel, grouped by source page)","Returned as `{ kind: 'translate', key: 'No page' }` from `describeGroupLabel` in `relationshipsPanelGrouping.ts`, then rendered via `<Translate>{descriptor.key}</Translate>` in `RelationshipsGroupLabel.tsx` — shown as the group heading when relationships are grouped by ""source page"" but a relationship has no page association."
No people or groups added yet,Empty-state message,Entity view,Shown in place of the members list in the Share modal when no one has been given access yet.
No primary documents,Empty-state message,Entity view,Message shown in the files drawer when the entity has no primary documents.
No primary documents yet. Add a file to get started.,Empty-state message,Entity view,Shown in the Primary documents table of the entity Files tab when no primary files have been added.
No property,Fallback value label,Metadata display,"Placeholder text shown in place of a value when an entity property has no defined type, rendered anywhere entity metadata is displayed."
No References,Empty-state heading,Document/Entity Viewer (References side panel),"Same `ConnectionsList.blankStateMessage` pattern as ""No Connections"" — shown for the ""references"" section when there are no text references."
No References description,Empty-state body text,Document/Entity Viewer (References side panel),"Same `blankStateMessage` helper — description line under ""No References""."
No relationship types,Empty state heading,Entity view,"Heading shown when no relationship types exist yet, in the manage-types modal and in the relation-type picker step."
No Relationships,Blank-state heading,Entity view,Heading shown in the relationships panel's blank state when the entity has no relationships at all.
No Relationships description,Empty state message,Shared (used across 2 views),"Description text shown under ""No Relationships"" when an entity has no connections, in the relationships panel (Library and Entity view)."
No relationships found,Empty state message,Entity view,Shown in the relationships list and tree view when the current filter/search returns no relationships.
No relationships to graph,Empty state message,Entity view,Shown in place of the relationships graph view when there is nothing to visualize.
No releases yet,Empty state message,Settings > Pages,Placeholder shown in the restore-version modal's list when the page has no past releases to choose from.
No results found,Empty-state message,Entity view,Message shown in the create-relationship wizard's entity search step when no matching entities are found.
No supporting files yet. Add a file to get started.,Empty-state message,Entity view,"Message shown when the entity has no supporting files, in both the files drawer and the files table tab."
No table of contents,Blank-state heading,Library / Entity view,Heading shown in the document side panel's TOC tab when the document has no table-of-contents entries yet.
No Table of contents,Empty state heading,Entity view,Heading shown in the ToC panel when the document has no table-of-contents entries yet.
No table of contents description,Blank-state body text,Library / Entity view,"Explanatory sentence displayed under the ""No table of contents"" heading in the same blank state."
No templates available to add.,Empty state message,Settings > Dataviz > Data tab,Shown inside the Add Data Source modal when the template search filter matches no templates.
No text match,Empty-state heading,"Document/Entity Viewer (search-within-document side panel, `SearchText.jsx`/`DocumentSidePanel.jsx`)","Rendered via `t('System', !this.props.searchTerm ? 'Search text' : 'No text match')` — a ternary expression, not a literal, so the scanner missed it; shown when a search term yields zero snippet matches."
No text match description,Empty-state body text,Document/Entity Viewer (search-within-document side panel),Same ternary pattern as above for the description paragraph.
No timelinks added,Empty state message,Entity view,Message shown in the media field preview when an audio/video property has no timelinks defined yet.
No translation in,Inline banner,Entity view,"Banner over the document viewer stating no translation exists in the selected language, followed by the language shown instead."
No type,Table cell placeholder text,Settings > Templates,"Fallback text in the matching-properties table shown when a thesaurus, relation type, or inherited type reference is not set."
No uploaded images fit the requirements,Empty-state message,Settings > Collection,Text shown in the theme asset picker's image gallery when a size rule filters out every uploaded image.
No user or group found,Inline error message,Entity view,Error shown under the lookup input in the Share modal when a collaborator search returns no matches.
No valid target template available,Empty-state heading,Settings > Paragraph Extraction,Heading shown when no template qualifies for selection on the source or target template step of the create-extractor wizard.
No value,Placeholder text,Settings > Metadata extraction,Placeholder shown in the suggestion sidepanel's property display when the entity has no value for that property.
No visualization data available.,Empty state message,Pages / Entity view,Fallback message shown by DatavizEmbedById in place of the chart when the visualization payload failed to load or is empty.
no-toc-description,Empty state description,Entity view,"Explanatory text below the empty-ToC heading, telling the user to select text and click Add to ToC."
"No, cancel",Cancel button label,Settings > Paragraph Extraction,Cancel button in the confirmation dialogs for deleting paragraphs and deleting an extractor.
Non processed,Checkbox label,Settings > Metadata extraction,"Filter/status checkbox for suggestions not yet processed, in the Stats & Filters sidepanel and the Process extractor modal."
Non-labeled,Checkbox label,Settings > Metadata extraction,"Filter checkbox in the Stats & Filters sidepanel for suggestions whose entity has no value yet, shown with a count."
Non-latin characters support,Toggle label,Settings > Collection,"Label for the toggle enabling generated entity names for non-Latin scripts, shown only when not already active."
None,Dropdown option label,Entity view,"""No grouping"" / ""no sorting"" option in the relationships panel's group-by and sort-by menu."
Normal view,Toggle link label,Entity view,Label on the link that switches the document viewer from plain text back to the normal rendered view.
Not already been use as source template in another extractor,Empty-state list item,Settings > Paragraph Extraction,Requirement listed under the no-qualified-source-template empty state in the create-extractor wizard.
Not already been use as target template,Empty-state list item,Settings > Paragraph Extraction,Requirement listed under the no-qualified-source-template empty state in the create-extractor wizard.
Not Found,Fallback page heading text,Settings > Import CSV,Fallback file name shown as the page title and heading on the import status page when the uploaded file's original name is unavailable.
Nothing here yet.,Empty state message,Entity view,Default empty-state text of the reusable data table component; currently only wired up in the entity Files list.
Nothing selected,Placeholder text,Settings > Users & Groups,Placeholder shown in the groups and users multi-select fields when no members or groups are chosen.
Notifications,Panel heading,Unresolved,Title at the top of the global Notifications drawer/panel.
obsolete,Status tag,Settings > Metadata extraction,Tag shown next to a suggested value in the suggestions table marking that suggestion as obsolete.
Obsolete,Checkbox label,Settings > Metadata extraction,"Filter/status checkbox for suggestions marked obsolete, in the Stats & Filters sidepanel and the Process extractor modal."
OCR,Status label,Entity view,Status text shown on the OCR button (with a checkmark) once OCR has completed successfully.
OCR button tip,Tooltip,Entity view,"Tooltip text on the OCR button when the file has not been OCR'd yet, inviting the user to start OCR."
OCR completed,Status message,Entity view,Text shown in the OCR status panel when OCR processing has finished successfully.
OCR description tip 1,Tooltip,Settings > Collection,First paragraph of the OCR toggle's tooltip explaining what OCR does.
OCR description tip 2,Tooltip,Settings > Collection,Second paragraph of the OCR toggle's tooltip explaining who can trigger OCR.
OCR error,Status label,Entity view,Status text shown on the OCR button when OCR processing failed.
OCR error tip,Tooltip,Entity view,"Prefix of the tooltip text on the OCR button when OCR processing failed, followed by the last-updated time."
OCR PDF,Button label,Entity view,"Label on the OCR button when a file has no OCR yet, triggers starting OCR processing."
of,Count label,Shared (used across 10 views),"Word used in ""X of Y"" selection and count summaries, such as selected files/relationships and the graph's truncation notice."
Ok,Button label,Entity view,"Confirm button in the discard-changes modal that closes the document viewer form, discarding edits."
On this entity,Section label,Entity view,Heading over the list of the entity's own existing attachments in the media picker modal.
Only essential,Button label,Global,Button in the site-wide cookie consent banner that accepts only essential cookies.
"Only properties with the same name and configuration in every data source are available
            for both dimensions.",Helper text,Settings > Data Visualizations,Explanatory note shown in the Dimension section when a chart combines multiple data sources.
Only published entities are counted.,Radio option helper text,Settings > Data Visualizations,"Description under the ""Include only public"" option in the Entity scope section."
"Only templates that are not used as source in any other extractor and are not
                selected as target in this extractor are available for selection.",Helper text,Settings > Paragraph Extraction,Hint shown under the stepper on the source template selection step of the create-extractor wizard.
"Only templates with at least one rich text property and one numeric property are
                available for selection.",Helper text,Settings > Paragraph Extraction,Hint shown under the stepper on the target template selection step of the create-extractor wizard.
"Only the extractor will be deleted, all created entities will remain on the library.",Confirmation modal warning text,Settings > Paragraph Extraction,Warning shown in the confirmation dialog before deleting an extractor.
Open,Button label,Settings > Metadata extraction,Button in a suggestion row of the suggestions table that opens the PDF or property sidepanel to review that suggestion.
Open entity,Link button label,Entity view,Link at the bottom of the entity preview overlay that navigates to the linked entity's full page.
Open group,Screen-reader-only button label,Unresolved,"Hidden accessible label on the expand/collapse toggle button for a table group, in the shared Table component."
Open link,Button label,Entity view,Button that opens an externally linked file in a new browser tab from the file preview pane.
Open PDF,Button label,Settings > Paragraph Extraction,Toolbar button above the paragraphs table that opens the source PDF side panel.
Open the two-factor Authenticator app on your device,Instructional text,Login,"First half of a two-part instruction sentence shown during the 2FA login step, telling the user to check their authenticator app."
Options,Table column header,Settings > Templates,Column header in the properties table for the cell that lists a property's configured settings as pills.
or,Inline connector text,Library,"Joins ""cmd"" and ""shift"" in the Library grid's multi-select hint, also separates upload options in the attachments media modal."
or drag and drop here,Dropzone subtitle,Entity view,"Subtitle under the click-to-select prompt on the add-file dropzone, indicating files can also be dragged in."
or drag and drop PDF files here,Dropzone subtitle,Library,Subtitle under the click-to-select prompt in the Library upload-PDF modal.
or drop your files here.,Helper text,Shared (used across 4 views),"Text following ""Browse files to upload"" in the same dropzone, telling users they can drag and drop files instead of clicking."
Or paste a URL,Section label,Entity view,"Heading over the URL input field in the media picker modal, offering an alternative to uploading a file."
Order,Menu row label,Library,Label for the ascending/descending sub-control inside the toolbar's Display options menu.
other,Dropdown option label,Entity view,"Label for the ""other"" language option used when building or listing file language choices for entity files."
Other,Fallback label,Library / Entity view,Fallback language tag shown next to an entity/document's title (Library cards and entity metadata display) when its file's language doesn't match the current UI locale.
Other users will be affected by this action!,Warning text in confirmation modal,Settings > Languages,Warning line shown in the confirmation dialog before resetting or uninstalling a language.
Outgoing,Direction indicator (icon title/label),Entity page (V2 relationships panel),"Used in two lookup tables: `directionTitles` in `DirectionGlyph.tsx` (rendered via `t('System', directionTitles[direction], null, false)` as an icon `title`/`aria-label`) and `directionLabelKey()` in `relationshipsPanelGrouping.ts` (rendered via `<Translate>` when grouping relationships by direction)."
p.,Page number prefix,Entity view,Abbreviation shown before a page number on the page tag button in a relationship row and in the document search page list.
Page,Label prefix,Entity view,Prefix used before a page number in relationship group headings and in accessible labels for search-result page buttons.
Page published successfully.,Toast notification,Settings > Pages,Success toast shown after confirming Publish in the release modal of the Page Editor.
Pages,Page heading / navigation link,Settings > Pages,"Header above the pages table on the Pages list, and the corresponding link in the Settings sidebar navigation."
Paragrap number extraction property (numeric),Form field label,Settings > Paragraph Extraction,Label for the numeric property dropdown in the extraction configuration step of the create-extractor wizard.
Paragraph,Field label,Settings > Paragraph Extraction,"Label preceding the paragraph number in the paragraph view side panel, in ViewParagraph.tsx."
Paragraph Extraction,Navigation link,Settings,"Admin/editor sidebar link, shown only when the paragraph-extraction feature toggle is on, routing to that settings page."
Paragraph Extractor added,Toast notification,Settings > Paragraph Extraction,Success message shown after saving a new paragraph extractor from the wizard.
Paragraph text extraction property (rich text),Form field label,Settings > Paragraph Extraction,Label for the rich text property dropdown in the extraction configuration step of the create-extractor wizard.
Paragraphs,Table heading,Settings > Paragraph Extraction,"First word of the ""Paragraphs for [template]"" title above the paragraphs table."
Paragraphs deleted,Toast notification,Settings > Paragraph Extraction,Success message shown after confirming deletion of selected paragraphs.
parties,Count label,Entity view,"Label after the member count in a hub relationship row's metadata (e.g. ""3 parties"")."
Password,Field label,Shared (used across 4 views),"Label for a password input, appearing on the Login screen, the Reset Password screen, the Bert AI Assistant password-confirmation gate, and Settings > Users & Groups (user table pill and user edit form)."
Password + 2fa,Pill label,Settings > Users & Groups,Status pill shown in the Protection column for users who have two-factor authentication enabled.
Password changed success,Toast notification,Reset password,Success toast shown after a user successfully sets a new password on the Reset Password page.
Password is too long,Form field validation error,Settings > Users (add/edit user side panel),"Returned as a plain string from `getFieldError('password', type)` in `UserFormSidepanel.tsx`, passed as the `errorMessage` prop through `InputField` to `InputError`, which renders it via `<Translate>{children}</Translate>` — shown when a password exceeds the max length."
Passwords do not match,Validation error message,Settings > Account,Error text shown under the confirm-password field when it doesn't match the new password.
Paste an audio or video URL to use it as this property without uploading a file. Press Enter to apply.,Tooltip text,Entity view,Tooltip explaining the URL field in the media picker modal when picking audio or video.
Paste an image URL to use it as this property without uploading a file. Press Enter to apply.,Tooltip text,Entity view,Tooltip explaining the URL field in the media picker modal when picking an image.
Paste this tag in a page HTML. The chart uses the page language.,Helper text,Settings > Dataviz > Embed panel,"Instructional text under the ""Embed in pages"" snippet explaining how the embedded chart's language behaves."
Paste URL here,Input placeholder,Shared (used across 2 views),"Placeholder text for the URL field when adding a web-hosted file as an attachment or media, in Library and Entity view."
PDF,Radio option / table cell label,Settings > Metadata extraction,"Label for choosing the PDF document itself as the extractor's source, and the fallback text shown in the extractor table's Source column."
People and groups,Section heading,Entity view,Heading over the people/group lookup form in the entity Share modal.
per page,Dropdown option label,Unresolved,"Page-size option text (e.g. ""100 per page"") in a legacy table pagination component that is currently unused anywhere in the live app (only referenced by its own test)."
Permission,Screen-reader label,Settings > Users & Groups,Hidden accessible label on the question-mark icon button that opens the role permissions modal.
Permission level,Group aria-label,Entity view,"Aria-label for the row of ""can see""/""can edit"" icon toggle buttons for a member in the Share modal."
Permission on entities explicitly shared with the user,Tooltip,Settings > Users & Groups,Tooltip explaining the partial-permission icon in the role permissions modal.
Permissions,Filter group label,Library,"Heading of the permissions filter section in the Library filters sidebar, next to its enable/disable switcher."
Permissions updated,Toast notification,Entity view,Success toast shown after saving entity sharing permissions.
Pick a color,Field label,Settings > Templates,"Label for the native color input inside the ColorPicker popover, shared by the same Templates/Theme/Dataviz color-picking contexts."
Pick another,Button label,Copy From dialog in Entity view or Library,Text button next to the Copy action in the Copy From source preview that lets the user go back and choose a different source entity.
Plain text,Menu option label,Entity view,Option label in the document view-mode menu for switching to the raw plain-text rendering of the document.
Please type in,Label (type-to-confirm field),Settings > Languages,"Label preceding the confirmation word (e.g. ""CONFIRM"") the user must type before deleting a language, shown in the shared confirmation modal."
Please type in letters and numbers from the image to start the export.,Modal instructions,Library,Instructional text in the CSV export captcha modal telling the user to enter the captcha code.
Pre-filled from your selection. Edit as needed.,Helper text,Entity view,Note under the title field of the new-entity step explaining that the title was auto-filled from the user's selection.
Preflight scan completed.,Status description,Settings > Import CSV,Description shown on the import status page after the preflight scan completes.
Preparing required relationships.,Status description,Settings > Import CSV,Description shown on the import status page while relationships are prepared.
Preparing required thesauri values.,Status description,Settings > Import CSV,Description shown on the import status page while thesaurus values are prepared.
Preserve,Navigation link,Settings,"Admin sidebar link, shown only when the preserve.host feature toggle is on, routing to the Preserve settings page."
Preserve Extension,Card title / Page heading,Settings > Preserve Extension,"Title text next to the Preserve icon at the top of the setup card, and also used as the page header title above it."
Preserve Setup Description,Instruction list item,Settings > Preserve Extension,"Step 2 of the setup instructions, telling the user to request and copy the Extension Token into the extension's settings."
Press enter to add,Helper text,Library / Entity view,"Hint shown next to a highlighted result in the people/group lookup list of the legacy ""share entity"" modal, telling the user to press Enter to add it."
Preview,Table column header,Settings > Custom Uploads,Header of the Custom Uploads table column showing a file icon/thumbnail preview for each row.
Preview updates automatically (300ms debounce),Helper text,Settings > Dataviz > Data tab,Small note at the bottom of the Data tab telling users the chart preview refreshes automatically after edits.
Preview updates when the JSON is valid.,Helper text,Settings > Data Visualizations,Note under the manual-data JSON editor explaining the live-preview behavior.
Previous,Pagination control label,Shared (used across 5 views),"Generic ""go to previous page/step"" label reused in table pagination, mobile pane swiping, and PDF page navigation, appearing in the Entity view, Library, and Settings (Activity Log, Metadata extraction, Paragraph Extraction)."
Primary,Status badge,Entity view,"Badge marking a file as one of the entity's primary documents, but not the active one."
Primary button,Preview button label,Settings > Theme and branding,Sample primary button shown in the theme editor's live preview to demonstrate the accent color.
Primary documents,Section heading,Entity view,Heading above the list of primary documents in the entity's files drawer.
Primary Documents,Section heading,Shared (used across 2 views),"Heading above the list of an entity's primary document files, shown in Library and Entity view metadata panels/forms."
Priority sorting,Checkbox label,Settings > Templates,Checkbox label for marking a property as priority sorting criteria; also shown as a summary pill in the properties table.
Private,Segmented control option label,Entity view,"Label and aria-label for the ""Private"" option in the General access control of the Share modal."
Private entities description,Warning message,Library / Entity view,"Caution text shown in the legacy ""share entity"" modal warning that the selected entities will become private to only allowed users."
Process,Button label,Settings > Metadata extraction,Submit button at the bottom of the Process extractor modal that starts finding or auto-accepting suggestions.
Process extractor,Button label / modal title,Settings > Metadata extraction,"Footer button and modal title shown when no rows are selected, for processing the whole extractor."
Process selected,Button label / modal title,Settings > Metadata extraction,"Footer button and modal title shown when rows are selected, for processing only the selected suggestions."
Processed,Section label,Settings > Metadata extraction,"Section heading in the Stats & Filters sidepanel grouping the Match, Mismatch, and No context checkboxes for already-processed suggestions."
Processed rows,Progress caption label,Settings > Import CSV,Label preceding the completion percentage shown under the progress bar on the import status page.
Processing,Status indicator,Shared (used across 5 views),"Generic status label shown while a file or task is being processed, e.g. document conversion, CSV import, or paragraph extraction."
Progress,Table column header,Settings > Import CSV,"Header for the progress column in the imports table, and the heading above the progress bar on the import status page."
Properties,Section label,Entity view,Heading above the metadata snippets group within a single search result entry in the entity search tab.
Properties from other templates in the collection using the same label.,Section heading,Settings > Templates,"Heading above the matching-properties table in the property panel, introducing same-label properties found on other templates."
"Properties marked as priority sorting will be used as default sorting criteria. If more than one property is marked as priority sorting the system will try to pick-up the best fit. When listing mixed template types, the system will pick-up the best combined priority sorting.",Tooltip text,Settings > Templates,"Tooltip on the help icon next to the ""Priority sorting"" checkbox in the property editor panel."
Property,Table column header,Settings > Import CSV,Header for the column in the failure-details table showing which template property caused the error.
property date,Table cell / dropdown label — property type name (with icon),Settings > Templates (template editor),"Rendered via `translationsKeys[type]` lookup in `app/react/V2/Routes/Settings/Templates/helpers.ts` fed into `<Translate context=""System"">{...}</Translate>` in the properties table (`TemplateEditorTableComponents.tsx`), the property config panel, and the matching-properties table — not a literal. Also reachable via the dynamic `` `property ${type}` `` template literal in `ExtractorModal.tsx` (Settings > Metadata Extraction) when listing extractable date properties."
property daterange,Filter field label,Settings > Activity Log,"Label for the date range picker used to filter activity log entries by date, in the Filters side panel."
property generatedid,Table cell — property type name (with icon),Settings > Templates (template editor),"Rendered via the `translationsKeys.generatedid` entry in `helpers.ts`, looked up dynamically and passed as a variable into `<Translate context=""System"">{...}</Translate>` in the template properties table; shown next to the icon for a ""Generated ID"" property."
property geolocation,Table cell — property type name (with icon),Settings > Templates (template editor),"Same lookup-table pattern as above (`translationsKeys.geolocation` in `helpers.ts`), rendered dynamically in the template properties table when a property's type is ""geolocation""."
property image,Table cell — property type name (with icon),Settings > Templates (template editor),"Same lookup-table pattern (`translationsKeys.image`), rendered dynamically in the template properties table for image-type properties."
property link,Table cell — property type name (with icon),Settings > Templates (template editor),"Same lookup-table pattern (`translationsKeys.link`), rendered dynamically in the template properties table for link-type properties."
property markdown,Empty-state list item,Settings > Paragraph Extraction,"Requirement label (""Rich text"") listed under the no-qualified-target-template empty state, preceded by a count of 1."
property media,Table cell — property type name (with icon),Settings > Templates (template editor),"Same lookup-table pattern (`translationsKeys.media`), rendered dynamically in the template properties table for media-type properties."
property multidate,Table cell — property type name (with icon),Settings > Templates (template editor),"Same lookup-table pattern (`translationsKeys.multidate`), rendered dynamically in the template properties table for multi-date properties."
property multidaterange,Table cell — property type name (with icon),Settings > Templates (template editor),"Same lookup-table pattern (`translationsKeys.multidaterange`), rendered dynamically in the template properties table for multi-date-range properties."
property multiselect,Table cell / extractor property list — property type name (with icon),Shared (used across 3 views),"Rendered via `translationsKeys.multiselect` lookup in the template properties table, the property config panel, and the matching-properties table (all in Settings > Templates); also rendered via the dynamic `` `property ${type}` `` template literal in `ExtractorModal.tsx` (Settings > Metadata Extraction) since ""multiselect"" is a supported extraction property type."
property numeric,Empty-state list item,Settings > Paragraph Extraction,"Requirement label (""Numeric"") listed under the no-qualified-target-template empty state, preceded by a count of 1."
property preview,Table cell — property type name (with icon),Settings > Templates (template editor),"Same lookup-table pattern (`translationsKeys.preview`), rendered dynamically in the template properties table for preview-type properties."
property relationship,Table cell / extractor property list — property type name (with icon),Shared (used across 3 views),"Rendered via `translationsKeys.relationship` lookup across the template properties table, config panel, and matching-properties table (Settings > Templates); also via the `` `property ${type}` `` template literal in `ExtractorModal.tsx` (Settings > Metadata Extraction) since relationship is a supported extraction property type."
property select,Table cell / extractor property list — property type name (with icon),Shared (used across 3 views),"Rendered via `translationsKeys.select` lookup across the template properties table, config panel, and matching-properties table (Settings > Templates); also via the `` `property ${type}` `` template literal in `ExtractorModal.tsx` (Settings > Metadata Extraction)."
property text,Table cell / extractor property list — property type name (with icon),Shared (used across 3 views),"Rendered via `translationsKeys.text` lookup across the template properties table, config panel, and matching-properties table (Settings > Templates); also via the `` `property ${type}` `` template literal in `ExtractorModal.tsx` (Settings > Metadata Extraction, e.g. for the ""Title"" pseudo-property)."
Property type,Dropdown label,Settings > Templates,Label above the property type select dropdown in the property editor panel.
Protection,Table column header,Settings > Users & Groups,Column header for the password/2FA status column in the users table.
ProTip!,Bold heading in a hint box,Library,"Introduces the ""cmd/shift + click"" tip shown below the Library document grid."
"Provide chart-ready data as JSON. Each series needs id, label, and a points array with
              label and value per row. Optional key on points helps stable colors.",Helper text,Settings > Data Visualizations,Instructions above the JSON editor in the Manual data section of the Dataviz editor.
Public entities description,Caution tooltip,Entity view,Caution tooltip in the share modal's General access control warning that switching to Published makes the entity public.
Public form settings description,Tooltip,Settings > Collection,Tooltip on the public form settings section explaining destination and whitelisted templates.
Public Form submit URL,Input field label,Settings > Collection,Label with tooltip for the field entering the destination URL for public form submissions.
Public form URL description,Tooltip,Settings > Collection,Tooltip on the public form destination URL field.
Public form whitelist description,Tooltip,Settings > Collection,Tooltip on the public form template whitelist field.
Public instance,Toggle label,Settings > Collection,Label for the toggle controlling whether the collection is publicly accessible.
Publish,Button label,Settings > Pages,"Button in the Configuration tab that opens the release modal, and the confirm button inside that modal."
Publish release,Modal heading,Settings > Pages,"Heading of the modal opened from the Publish button in the Page Editor, used to confirm and release a new page version."
Published,Filter option label,Library,"Label (with a globe icon) for the ""published"" status option in Library's status filter, also used as a facet row label."
Published and unpublished entities are counted.,Radio option helper text,Settings > Data Visualizations,"Description under the ""Include all entities"" option in the Entity scope section."
QR Code,Card heading,Settings > Account,Title of the card in the 2FA sidepanel that displays the QR code to scan.
Query,Field label,Settings > Activity Log,"Labels the request query value, shown both in the entry detail side panel and inside the description column's hover tooltip."
Queued,Status label,Settings > Import CSV,"Status text shown for a CSV import waiting to start, in the imports table and on the import status page."
RAW,Status pill / action label,Settings > Activity Log,"Rendered via `<Translate>{action}</Translate>` where `action` is the log entry's `semantic.action`, in `ActionPill` (`app/react/V2/Routes/Settings/ActivityLog/components/TableElements.tsx`) and reused in `ActivityLogSidePanel.tsx`; shown as the colored pill (and branch condition) for log entries the parser could not classify into a semantic action."
"Re-runs the query against your current collection. Use this after importing
                        or editing entities—not when changing chart settings (save handles that).",Help text under a radio option,Dataviz editor (Refresh tab),"Literal multi-line JSX text inside `<Translate>` in `app/react/V2/Dataviz/editor/components/tabs/RefreshTab.tsx`; shown under the ""Snapshot (manual)"" refresh-mode option explaining what the ""Update from collection"" button does. Missed by the scanner due to the wrapped multi-line literal."
Re-uploaded document,Activity log description,Settings > Activity Log,Value of the `desc` field for `POST/api/reupload` in the `ParsedActions` lookup table in `app/api/activitylog/activitylogParser.ts`; consumed as `semantic.description` and rendered via `<Translate>{semanticData.description}</Translate>` in `TableElements.tsx`'s `DescriptionCell` — not a literal.
Ready,Status label,Entity view,Text shown next to the progress bar once a file upload finishes.
Receiving email description,Tooltip,Settings > Collection,Tooltip on the receiving email field explaining it is where contact form submissions arrive.
Recommended,Field hint text,Settings > Collection,Prefix text before the recommended image size shown under an image picker's label.
references,Stats row label,Entity view,"Unit label in the relationships panel's summary row (e.g. ""4 references""), next to relationships and entities counts."
References,Tab label/tooltip,Shared (used across 2 views),"Label and tooltip for the References tab in a document's side panel, shown in Library and Entity view."
Refresh,Table column header,Settings > Data visualizations,Header label for the refresh-mode column in the data visualizations table.
"Refresh manually when you have added data and cannot wait for the next
                        scheduled run.",Help text under a radio option,Dataviz editor (Refresh tab),"Literal multi-line JSX text inside `<Translate>` in `app/react/V2/Dataviz/editor/components/tabs/RefreshTab.tsx`; shown under the ""Snapshot (scheduled)"" refresh-mode option. Missed by the scanner due to the wrapped multi-line literal."
Refresh mode,Section heading,Settings > Dataviz > Refresh tab,"Heading above the radio options for live, manual snapshot, or scheduled snapshot refresh modes."
Reject all,Button label,Global,Button in the site-wide cookie consent banner that rejects all non-essential cookies.
Related entities created,Stat card label,Settings > Import CSV,"Label above the count of related entities created, shown in a summary card on the import status page."
Relation type,Facet section title,Entity view,"Title of the filter-drawer section for filtering relationships by their relationship type, also used as a grouping option label."
Relationship,Field label,Unresolved,"Label on the text input for the relationship-type name in the ""Add relationship type"" modal; this modal is not currently wired into any page."
Relationship created,Success notification,Entity view,Toast confirming a new relationship was successfully created between entities.
Relationship type,Dropdown label,Settings > Templates,Label above the relationship type select dropdown in the relationship property editor.
Relationship Type,Card title,Settings > Relationship types,Title of the card inside the sidepanel form used to add or edit a relationship type.
Relationship type created successfully.,Toast notification,Settings > Templates,Success toast shown after creating a new relationship type from the Add relationship type modal.
Relationship type name,Input placeholder,Settings > Templates,Placeholder text for the name field in the Add relationship type modal.
Relationship type name already exists,Input validation error message,Settings > Templates,Error message shown under the name field in the Add relationship type modal when the entered name is already taken.
Relationship types,Table header / page heading and nav link label,Settings > Relationship types,"Heading text above the relationship types table, and the label for the settings sidebar link to this page."
relationships,Count label,Entity view,Word used in relationship-count summaries in the relationships panel's info row and graph view.
Relationships,Tab label/tooltip,Shared (used across 2 views),Label and tooltip for the Relationships tab (with a connection-count badge) of an entity or document's side panel.
Relationships saved,Success toast,Entity view,Toast shown after successfully saving relationship changes in the entity view's relationships editor.
relationships? This action cannot be undone.,Confirmation modal body text (fragment),Entity view,"Second half of the bulk-delete confirmation sentence, following the selected count."
RelationType saved,Success toast,Unresolved,Toast shown after saving a relationship type; the button/form that triggers this save (AddRelationshipTypeButton) is not currently referenced from any route in the codebase.
Release message,Field label,Settings > Pages,Label above the textarea in the Publish release modal where the editor writes a note describing the release.
Relevance,Sort option label,Library,"Option in the toolbar's sort dropdown, sorting results by search relevance score."
remaining,Button text fragment,Library,"Part of the ""Show more — N remaining"" label on the button that loads additional results."
remaining files,Tooltip text,Library,"Tooltip showing how many files are still uploading, on the PDF upload progress indicator in the Library footer."
Remote Server Unreachable,Error message,Pages,"Error shown in the captcha widget of the public contact/registration form embeddable in custom Pages content, when the remote captcha service can't be reached."
Remove,Button label,Shared (used across 4 views),"Generic remove action reused on file lists, permission rows, date fields, and settings tables."
Remove from connection,Icon button tooltip,Entity view,"Tooltip on the X icon button next to each connected entity in the entity metadata relationship field editor, used to unlink that connection."
Remove from training set,Screen-reader button label,Settings > Metadata extraction,Hidden accessible label on the training-set toggle button in the suggestions table when the entity is already marked for training.
remove icon,Toggle label,Entity view,Hides the icon/flag picker after one has been set on an entity's title field.
Remove icon,Button label,Entity view,Button in the entity editor's icon field that clears the currently chosen icon/flag.
Removed language,Activity log description,Settings > Activity Log,"Value of the `desc` field for `DELETE/api/translations/languages` in `ParsedActions` (`app/api/activitylog/activitylogParser.ts`); rendered dynamically via `<Translate>{semanticData.description}</Translate>` in the Activity Log table/side panel, shown when an admin deletes a language."
Rename,Icon button (rename) aria-label,Entity view,Aria-label on the pencil-icon button in a file row of the entity's file drawer that lets the user rename that file.
Renamed attachment,Activity log description,Settings > Activity Log,Value of the `desc` field for `POST/api/attachments/rename` in `ParsedActions` (`app/api/activitylog/activitylogParser.ts`); rendered dynamically via `<Translate>{semanticData.description}</Translate>` in the Activity Log table/side panel.
Repeat Password,Field label,Reset Password,Label for the password-confirmation field on the reset/create-password page reached via an emailed link.
Request id #,Error detail label,Error page,Label preceding the request identifier shown for 500-status errors on the generic error page.
Request token,Button label,Settings > Preserve Extension,"Label on the button shown when no token exists yet, which requests a new extension token."
Required,Validation message / property flag pill,"Entity view, Settings > Templates","Shown as a validation error when a geolocation field is left empty in the entity editor, and as a pill flag marking a property ""required"" in the template editor's properties table."
Required property,Checkbox label,Settings > Templates,"Label of the checkbox that marks a property as required, in the property editor panel."
Required relationships were prepared.,Status description,Settings > Import CSV,Description shown on the import status page after relationships are prepared.
Required thesauri values were prepared.,Status description,Settings > Import CSV,Description shown on the import status page after thesaurus values are prepared.
Reset,Button label,Settings > Theme and branding / Entity view / Settings > Languages,"Generic ""Reset"" button reused in the theme color pickers, the entity relationship-graph zoom controls, and the languages table's editable rows."
Reset 2FA,Button label,Settings > Users & Groups,"Button that disables two-factor authentication for the selected user(s), shown in the bulk action bar and in the user edit sidepanel."
Reset default translation,Activity log description,Settings > Activity Log,"Value of the `desc` field for `POST/api/translations/populate` in `ParsedActions` (`app/api/activitylog/activitylogParser.ts`); rendered dynamically via `<Translate>{semanticData.description}</Translate>`, shown when an admin resets/repopulates a locale's translations to defaults."
Reset language,Screen-reader-only table column header,Settings > Languages,Hidden accessible header for the table column holding the reset-language button.
Reset Password,Button label,Settings > Users & Groups,"Button that triggers a password reset for the selected user(s), shown in the bulk action bar and in the user edit sidepanel."
Reset passwords,Confirmation modal heading,Settings > Users,"Set as `confirmationModalProps.header` in `app/react/V2/Routes/Settings/Users/Users.tsx` when bulk-resetting passwords for selected users, then rendered dynamically via `renderChild(header)` → `<Translate>{child}</Translate>` inside the generic `ConfirmationModal` component."
Resize panels,Draggable divider aria-label,"Entity view, Library","Accessible label on the thin drag handle between resizable side-by-side panels, used on the entity page and library page layouts."
Restore,Button label,Settings > Pages,"Button in the Configuration tab that opens the restore-version modal, and the confirm button inside that modal."
Restore previous version,Modal heading,Settings > Pages,"Heading of the modal opened from the Restore button in the Page Editor, used to pick a past release to restore."
Restricted,Filter option label,Library,"Label (with a lock icon) for the ""restricted"" status option in Library's status filter."
Retryable,Field label,Settings > Import CSV,"Label preceding a Yes/No indicator of whether the failed import can be retried, in the failure details panel."
Retrying,Status title label,Settings > Import CSV,Short status badge title shown on the import status page while the import retries after an error.
Return to login,Link text,Login,Clickable text during the 2FA step that cancels verification and returns to the standard login form.
Review,Button label,Settings > Metadata extraction,Button in an extractor's table row that links to the suggestions review page for that extractor.
Reviewed,Filter option label,Library,"Label of the other filter option for the same ""Table of Contents"" admin filter, for entries whose TOC has been human-reviewed."
Role,Table column header,Settings > Users & Groups,Column header for the role column in the users table.
Row,Table column header,Settings > Import CSV,Header for the row-number column in the failure-details error table.
Row density,Segmented control aria-label,Entity view,"Accessible label for the control that switches between detail, compact, and overview row densities for relationships."
Rows failed,Stat card label,Settings > Import CSV,Label above the failed-rows count in a summary card on the import status page.
Rows processed,Stat card label,Settings > Import CSV,Label above the processed-rows count in a summary card on the import status page.
Satellite,Multi-select option label,Settings > Collection,"Option in the Map Layers multi-select, under the Map card, selecting the satellite map tile style."
Save,Button label,Shared (used across 14 views),Generic save action button used across forms and modals throughout the app.
Save & Preview,Button label,Settings > Pages,Footer button in the Page Editor that saves the page and opens a preview in a new tab.
Save changes,Button label,Entity view,Footer button in the share modal that saves changes to an entity's access and permissions.
Save password,Submit button label,Reset Password,Submit button on the reset/create-password page.
Save the visualization before refreshing.,Helper text,Settings > Dataviz > Refresh tab,Message shown when the refresh action is disabled because the visualization has not been saved yet.
Save the visualization to get embed code.,Helper text,Settings > Dataviz > Embed panel,"Message shown in the Embed panel before the visualization has been saved, since embed codes need a persisted id."
Save your work to make change permanent,Notification message (part),Entity view,"Reminder appended to the ""added to hub"" toast telling the user the relationship change is only local until the form is saved."
Saved successfully.,Toast notification,Shared (used across 4 views),"Generic success toast shown after saving items such as connections, pages, dataviz definitions, or entities."
Saved with warnings,Warning toast notification title,Entity view,Notification title shown after saving an entity's metadata in the Entity view when the save succeeded but returned non-fatal warnings.
Saving,Button label,Settings > Data Visualizations,Save button label on the Dataviz editor footer while a chart definition is being persisted.
Saving...,Button label (loading state),Entity view,Label shown on the save button in the ToC footer bar while the table of contents is being saved.
Scanning,Status label,Settings > Import CSV,Status text shown while CSV rows are scanned before import.
Scanning rows before import.,Status description,Settings > Import CSV,Description shown on the import status page during the preflight row scan.
Schedule,Section heading,Settings > Dataviz > Refresh tab,Heading above the frequency and time controls for scheduled snapshot refreshes.
Schedules run in UTC (Coordinated Universal Time).,Helper text,Settings > Dataviz > Refresh tab,Clarifying note placed under the schedule time picker.
Search,Placeholder or label,Shared (used across 4 views),Generic search input placeholder and aria-label reused across search boxes and filter panels.
"Search  •  AND, OR, NOT, ""exact"", wild*",Search input placeholder,Entity view,Placeholder text in the relationships panel's search bar input field.
Search by title,Search input placeholder and accessible label,Copy From dialog in Entity view or Library,"Placeholder text and aria-label on the search bar in the Copy From modal, used to look up candidate entities by title."
Search entities...,Search input placeholder,Entity view,Placeholder (and hidden label) of the entity search box at the top of the entity-search step in the create-relationship modal.
Search entities…,Input placeholder,Entity view,Placeholder text in the search box used to find entities to add as a relationship connection in the entity metadata editor.
Search item,Input placeholder,Library / Entity view,"Placeholder text in the search box inside multiselect dropdowns, used for both filter option lists and metadata select/relationship fields."
Search related entities or documents,Input placeholder,Shared (used across 2 views),"Placeholder text for the relationship search box, and (reused) the document full-text search box, in Library and Entity view side panels."
Search relationships,Search input aria-label,Entity view,Accessible label on the relationships panel's search input field.
Search relevance,Sort dropdown option label,"Library (legacy view, reachable at `/legacy-library/*` and as the `/library/*` fallback when the Library V2 feature flag is off)","Object property `label: 'Search relevance'` in `app/react/Library/helpers/sortComponets.ts:77`, added to the sort options array only when a search term is present, then passed through `t(option.context, option.label, undefined, false)` in `getSortOptions` — a dynamic call invisible to literal-string scanning. Rendered by the legacy `SortDropdown`/`SortButtons` components used inside `LibraryHeader.tsx`, which `DocumentsList.jsx` mounts."
Search text,Tab label/tooltip,Shared (used across 2 views),"Label and tooltip for the full-text search tab in a document's side panel, shown in Library and Entity view."
Search text description,Input aria-label,Library,Accessibility label on the Library search bar's text input describing its purpose to screen readers.
Search this document,Search input placeholder/aria-label and blank-state heading,Entity view,"Placeholder and aria-label on the in-document search input, and the headline shown before any search is entered."
Search tips,Popover heading,Entity view,Heading and aria-label of the search-tips popover explaining query syntax for the relationships search bar.
Search Tips,Tooltip trigger label,Shared (used across 3 views),"Label on the help-icon trigger beside search inputs in the document text-search tab, the Library search bar, and the embeddable search widget used in custom Pages content."
Search Tips: boolean,Help modal list item,Global navigation,"List item in the Search Tips modal opened from the global search box, explaining AND/OR/NOT boolean search syntax."
Search Tips: exact term,Help modal list item,Global navigation,"List item in the Search Tips modal opened from the global search box, explaining exact-phrase search with quotes."
Search Tips: one char wildcard,Help modal list item,Global navigation,"List item in the Search Tips modal opened from the global search box, explaining the `?` single-character wildcard syntax."
Search Tips: proximity,Help modal list item,Global navigation,"List item in the Search Tips modal opened from the global search box, explaining the `~` proximity search syntax."
Search Tips: wildcard,Help modal list item,Global navigation,"List item in the Search Tips modal opened from the global search box, explaining the `*` wildcard syntax."
Search title & metadata,Input placeholder,Library,Placeholder text in the Library toolbar's main search box.
Searching...,Loading indicator text,Entity view,Text shown in place of results while an entity search request is in flight.
Secondary button,Preview button label,Settings > Theme and branding,Sample secondary/outline button shown in the theme editor's live preview.
Secret keys,Card heading,Settings > Account,Title of the card in the 2FA sidepanel that shows the manual secret key entry.
Security,Card title,Settings > Users & Groups,Title of the card in the user sidepanel containing password and account security actions.
Select,Button/pill label and screen-reader-only checkbox label,Shared (used across 15+ views),"Used as the ""select this option"" pill in tag-style pickers and as the hidden label on row-selection checkboxes in data tables."
Select & Search,Toggle button label,Settings > Metadata extraction,Label on the toggle button in the suggestion sidepanel that switches PDF/text selection into a select-and-search mode.
"Select a dimension to see supported chart types, or use Metric for a total count.",Callout text,Settings > Data Visualizations,"Guidance shown before a dimension is chosen, in the supported-chart-types callout."
Select a document to connect to a specific paragraph,Instructional text,Entity view,Text above the list of PDF files when choosing a document to link a relationship to a specific paragraph.
Select a file,Placeholder message,Entity view,Placeholder shown in the file details or translations panel until a file row is selected.
Select all,Button label,Library,Selects every document in the Library toolbar's sort-by row.
Select an existing image,Section label,Settings > Collection,Heading above the grid of previously uploaded images in the theme asset picker's gallery.
Select favicon image,Modal dialog title,Settings > Collection,"Title of the modal opened to upload or pick an existing favicon, reused by both the general favicon picker and the per-mode theme favicon pickers."
Select files on your device,Button label,Pages,Opens the file picker in a public entity submission form's upload zone.
Select from computer,Button label,Entity metadata form,"Button inside the media/image upload modal, opened from a media-type metadata field, that triggers the native file picker to select a file from the local computer."
Select image,Modal title,Entity view,Title of the media picker modal when used to choose an image for an image property.
Select media,Modal title,Entity view,Title of the media picker modal when used to choose audio or video for a media property.
Select relationship,Checkbox aria-label,Entity view,Aria-label on the row checkbox used to select relationships in edit/selection mode.
Select relationship type,Section label,Entity view,Label above the relationship-type selector list in the create connection/reference side panel.
Select site logo image,Button label,Settings > Collection,Label of the button that opens the image picker for choosing a site logo asset.
Select target document,Modal step heading,Entity view,Title shown in the create-relationship modal header when picking which document file to connect a paragraph-level relation to.
Select target entity,Modal step heading,Entity view,Title shown in the create-relationship modal header while the user is picking the target entity for a new relationship.
Select target paragraph,Page heading,Entity view,Heading in the target-document header shown at step 3 of connecting a text reference to a target paragraph.
Select text in target document,Modal step heading,Entity view,Title shown in the create-relationship modal header when the user must highlight text in the target document.
select text or a value,Status chip text,Entity view,"Instructional text on the ""listening"" chip shown while voice dictation is filling a metadata field."
Select the template to store the extracted paragraphs.,Wizard step description,Settings > Paragraph Extraction,"Subtitle under the ""Target template"" step title in the create-extractor wizard header."
Select the template with the source documents.,Wizard step description,Settings > Paragraph Extraction,"Subtitle under the ""Source template"" step title in the create-extractor wizard header."
Select...,Dropdown placeholder option,Settings > Templates,"Default unselected option prepended to the relationship type, inherit-property, and thesaurus dropdowns in the property editor panel."
selected,Sidepanel header text,Library,"Word following the selection count (e.g. ""3 selected"") in the header of the Library's multi-select side panel."
Selected,Count label,Shared (used across 10 views),Word preceding a selection count shown in the files toolbar and relationships action bar when items are selected.
selected of,Counter text,Library,"Part of the ""<n> selected of <n> shown of <n> entities"" counter shown above the Library results list."
Selected or suggested,Filter toggle label,Settings > Metadata extraction,"Label on the second radio option of the multiselect list's All/Selected filter, shown when the list also displays AI-suggested values in the metadata extraction property sidepanel."
Selected templates,Section subheading,Settings > Metadata extraction,Subheading in step 2 of the Extractor modal above the pills listing templates chosen for the extractor.
Send,Button label,Pages,Submit button on the contact form widget embedded in a Page.
Send recovery email,Submit button label,Login,"Login form's submit button label when the user has switched to ""forgot password"" mode."
Sending email,Input field label,Settings > Collection,Label with tooltip for the field entering the sender email address used for outgoing mail.
Sending email description,Tooltip,Settings > Collection,Tooltip on the sending email field explaining the default sender address and how to override it.
Sending labeled data,Progress status message,Settings > Metadata extraction,Progress text (with trailing ellipsis) shown while labeled training data is being sent to the model.
Series,Table column header,Settings > Dataviz > Preview panel,Column header in the data summary table listing the breakdown series label for each row.
Services,Card section heading,Settings > Collection,"Title of the card holding service-related toggles, shown only when OCR is configured."
Set as default,Button label (screen-reader) / column header,Settings > Templates,"Screen-reader-only label on the star button that marks a template as default, and the header for that column in the templates list."
Set default language,Activity log entry description,Settings > Activity Log,"`desc: 'Set default language'` in the `ParsedActions` map for endpoint `POST/api/translations/setasdeafult` in `app/api/activitylog/activitylogParser.ts:156`; surfaced to the client as `semantic.description` and rendered via `<Translate>{semanticData.description}</Translate>` in `ActivityLog/components/TableElements.tsx` and `ActivityLogSidePanel.tsx` — a variable child, not a literal."
Set default template,Activity log entry description,Settings > Activity Log,"`desc: 'Set default template'` in the `ParsedActions` map for endpoint `POST/api/templates/setasdefault` in `app/api/activitylog/activitylogParser.ts:133`; same dynamic `<Translate>{semanticData.description}</Translate>` rendering path as ""Set default language""."
Set the default starting point for your geolocation properties.,Tooltip,Settings > Collection,Tooltip on the map axis field explaining what it configures.
settings,Link label,Entity metadata form,"Link text inside the ""You can create metadata templates in settings"" tip on the entity form, pointing to the Settings section."
Settings,Navigation link label,Global navigation,"Label and aria-label for the link to account settings, shown in the footer and the main navigation menu for logged-in users."
Settings navigation active background,Color swatch label (theme editor),Settings > Collection > Theming (Advanced colors panel),"Value in the `CHROME_VAR_LABELS` lookup map (`app/react/V2/theme/themeChromeOverrides.ts:22`) keyed by CSS var `--color-theme-chrome-settings-nav-item-active-bg`; rendered as `<Translate>{CHROME_VAR_LABELS[key]}</Translate>` in `ThemeAdvancedColorsSection.tsx:101`, one row of a per-variable color-picker list."
Settings sidebar background,Color swatch label (theme editor),Settings > Collection > Theming (Advanced colors panel),"Value in the same `CHROME_VAR_LABELS` map keyed by `--color-theme-chrome-settings-rail-bg` (`themeChromeOverrides.ts:21`); rendered the same dynamic way as ""Settings navigation active background""."
Settings updated,Toast notification,Settings > Collection,Success toast shown after saving changes on the Collection settings form.
Share,Button label and modal heading,Entity view,"Button that opens the share modal, and the heading of that modal, used to manage who can access the entity."
Share edit access with other users,Table cell (permissions matrix row label),Settings > Users (Permissions info modal opened from the user/group side panel),"Row value `action: 'Share edit access with other users'` in the `permissionsByRole` array in `PermissionsListModal.tsx:61`; rendered via `<Translate>{cell.getValue()}</Translate>` in `ActionCell`, a table-driven variable, not a literal."
Share entities with the public,Table cell (permissions matrix row label),Settings > Users (Permissions info modal),Row value `action: 'Share entities with the public'` in the same `permissionsByRole` array (`PermissionsListModal.tsx:75`); rendered through the same dynamic `ActionCell` `<Translate>{cell.getValue()}</Translate>`.
Share with people and groups,Modal heading,Library / Entity view,Heading of the legacy modal used to share one or more entities with specific people or groups.
Shared as editor,Filter section label,Library,List item heading above the multiselect for filtering entities shared with the user as editor in the Library filters panel.
Shared as viewer,Filter section label,Library,List item heading above the multiselect for filtering entities shared with the user as viewer in the Library filters panel.
Show actions,Button label,Library,Button that expands the Library footer's action buttons when they are hidden.
Show cookie policy,Toggle label,Settings > Collection,Label for the toggle that shows a cookie policy notice to visitors.
Show details,Toggle button label,Global,"Label on an ""expand"" toggle button, used both on the generic error page's stack-trace section and in the notification drawer's detail section."
Show filters,Button label / tooltip,Library,Button and tooltip in the Library header's mobile toggle that opens the filters side panel.
Show in cards,Checkbox label,Settings > Templates,Checkbox label for the property setting that displays the property on library cards; also shown as a summary pill in the properties table.
Show information,Menu section heading,Library,"Heading inside the toolbar's Display options menu, above the thumbnail/metadata visibility checkboxes."
Show less,Toggle button label,Unresolved,"Collapses expanded text in the shared ExpandableText and FadeTruncate components, also used by Library's keyword facet list."
Show more,Link or button label,Library,"Generic ""show more"" label reused on search snippets, truncated text, and paginated lists."
Show remaining in panel,Icon button label / tooltip,Entity view,"Screen-reader label and tooltip for the ""..."" marker on the entity document's relationship rail that reveals additional relationship markers grouped at one position."
Show toolbar,Button label,Library,"Button shown when the toolbar is collapsed, used to expand the Library header toolbar again."
Showing,Notice text,Entity view,Part of the fallback notice over the document viewer shown when no translation exists in the selected language.
Showing the top,Info banner text (fragment),Entity view,"First part of the banner shown atop the graph view when relationships exceed the display cap (e.g. ""Showing the top 50 of 120 relationships"")."
shown of,Counter text,Library,Part of the same entity-count summary shown above the Library results list.
Sign in,Navigation link label,Global navigation,Label and aria-label for the mobile menu link that takes an anonymous user to the sign-in page.
Simple mode,Toggle button label,Settings > Theme and branding,Switches the theme color editor into simplified mode with fewer color controls.
Single relationships must have a hub,Error notification (toast),Shared (used across N views) — any flow that saves entity relationships,"Backend invariant thrown via `createError('Single relationships must have a hub')` in `app/api/relationships/relationships.js:206` when a relationship group of size 1 has no hub set. It reaches the UI only through the generic legacy error handler `extractMessageFromError`/`handleErrorStatus` in `app/react/utils/api.js:49`, which calls `t('System', error.json.error, null, false)` on the raw backend message before dispatching it as a notification — a fully dynamic, backend-sourced string invisible to literal scanning."
Site logo description,Tooltip,Settings > Collection,Tooltip explaining where the site logo appears and how to set it via Custom Uploads.
Site logo no images hint,Empty-state message,Settings > Collection,Hint shown in the site logo picker's gallery when no uploaded images fit the logo size requirements.
Size,Field label,Shared (used across 4 views),"Label preceding a file's or file batch's size, shown in the dropzone summary, an uploaded file card, and the entity file details panel."
Skip to main content,Accessibility skip link,Unresolved,Visually-hidden link at the top of the global Header letting keyboard users jump past navigation to the main content.
Some tasks may take a while. Bert will reply when it's done.,Helper text,AI Assistant (Bert) panel,Small note under the chat input in the Bert modal explaining that long-running tasks reply asynchronously.
Something went wrong,Error page body text,"Generic error page (`/error/:errorCode`, e.g. `/error/500`)","Fallback `message` for the 500 entry in the `handledErrors` map (`app/react/V2/shared/errorUtils.tsx:20`, also reused as the ultimate fallback string at line 143); rendered via `<Translate>{currentError.message}</Translate>` in `ErrorFallback.tsx:33`, driven by `error.name`/`status` lookup from `GeneralError.tsx`, not a literal."
Sort,Menu row label,Entity view,Label for the sort-order control in the relationships display menu.
Sort ascending,Screen-reader-only button text,Library,"Hidden text inside the sort-direction toggle button, read by screen readers when the current order is descending."
Sort descending,Screen-reader-only button text,Library,"Hidden text inside the sort-direction toggle button, read by screen readers when the current order is ascending."
Sort order,Aria label,Library,Accessible name for the select control that toggles ascending/descending order in the Display options menu.
sorted by,Label text,Library,Text preceding the sort dropdown in the Library header's toolbar.
Source,Button label / table column header,Entity view / Settings > Dataviz / Settings > Metadata extraction,"Generic ""source"" label used as the ""Edit at source"" button text in the entity relationship field editor, as a data-source row/column heading in the Dataviz chart editor, and as a table column header in IX metadata extraction."
Source entity,Dropdown option label,Entity view,"""Group by source entity"" option in the relationships panel's group-by menu."
Source page,Dropdown option label,Entity view,"""Group by source page"" option in the relationships panel's group-by menu."
Source relationship type,Form field label,Settings > Paragraph Extraction,Label for the source relationship-type dropdown in the extraction configuration step of the create-extractor wizard.
Source template,Dropdown option label,Entity view,"""Group by source template"" option in the relationships panel's group-by menu."
Source Template,Table column header,Settings > Extract Data (Paragraph Extraction) — Extractors list,"`generateTableHeader('Source Template')` in `.../ParagraphExtraction/components/extractors/TableElements/columns.tsx:12`; `generateTableHeader` is a curried factory whose returned header component renders `<Translate>{translationKey}</Translate>` (`utils/generateTableHeader.tsx:15`) — the string is passed as a function argument, never appearing as a literal inside `<Translate>` or `t()` directly."
Source's role in the relationship Source-Target.,Form field helper text,Settings > Paragraph Extraction,Descriptive subtext under the source relationship type dropdown in the create-extractor wizard.
Stage,Field label,Settings > Import CSV,Label preceding the pipeline stage name in the failure details panel shown when an import fails.
stat*,Code example,Entity view,Code-styled example of a multi-character wildcard search term in the search-tips popover.
Statistics,Section label,Settings > Metadata extraction,Section heading in the Stats & Filters sidepanel above the model accuracy statistic.
Stats & Filters,Button label / panel title,Settings > Metadata extraction,"Toolbar button on the suggestions table that opens the filters sidepanel, and that sidepanel's own title."
Status,Filter section heading,Shared (used across 4 views),Title of the facet card grouping the Published/Restricted status filters in the Library sidebar.
status AND women NOT Nicaragua,Example search query text,Entity view,Sample boolean query shown in the relationship search tips popover and as a clickable insert-example row in the document search tips popover.
Stop filling,Button aria-label,Entity view,Accessible label on the close (X) button of the listening chip that stops voice dictation for a field.
Storage,Card title,Settings > Dashboard,Title of the card showing total storage usage on the dashboard.
Streets,Multi-select option label,Settings > Collection,"Option in the Map Layers multi-select, under the Map card, selecting the streets map tile style."
Strict mode,Checkbox label,Library,Label next to a checkbox in a nested filter that toggles strict matching for that filter's selected values.
Style,Radio group legend,Settings > Templates,Legend of the Fill/Fit radio option group for media-type properties in the property editor panel.
Submit,Button label,Pages,Submit button at the bottom of a public entity submission form.
Submitted entity to a remote instance,Activity log entry description,Settings > Activity Log,"`desc: 'Submitted entity to a remote instance'` for endpoint `POST/api/remotepublic` in `app/api/activitylog/activitylogParser.ts:33`; rendered dynamically via `<Translate>{semanticData.description}</Translate>` in the Activity Log table/side panel, same mechanism as the other `desc` entries."
Submitting,Loading state heading,Pages,Shown while a public entity submission form is sending data.
Success,Toast notification,Public Form,Success toast shown after an anonymous visitor submits the embedded public entity-submission form.
"Success, Upload another?",Upload button label (post-success state),"Legacy Entity viewer (`/legacy-entity/:sharedId`, and `/entity/:sharedId` fallback when Entity Viewer V2 is disabled) — attachments/documents file list","`this.renderButton('success', 'check', 'Success, Upload another?')` in `app/react/Metadata/components/UploadButton.jsx:125`; `renderButton` renders `<Translate>{message}</Translate>` with `message` as a function parameter. `UploadButton` is used by the legacy `Attachments/components/FileList.tsx`, mounted from `Entities/components/EntityViewer.jsx` and `Documents/components/DocumentSidePanel.jsx`, shown as the label of the PDF upload control right after a successful upload completes."
suggestions,Table cell label,Settings > Metadata extraction,"Unit label after a count in the suggestions table, showing the total number of suggestions for a multi-value property row."
Suggestions sent,Toast notification,Settings > Metadata extraction,Info toast shown after suggestions are successfully submitted for acceptance from the suggestions table.
Suggestions updated,Toast notification,Settings > Metadata extraction,Success toast shown when a socket event confirms accepted suggestions were saved.
Supported chart types for manual data,Callout heading,Settings > Data Visualizations,Heading in the info callout listing chart types compatible with manually entered data.
Supported chart types for this configuration,Callout heading,Settings > Data Visualizations,Heading in the info callout listing chart types compatible with the current query configuration.
Supporting,Status badge,Entity view,"Badge marking a file as a supporting, non-primary document attached to the entity."
Supporting file,Dropdown option label,Entity view,"Option in the add-file modal's ""Add as"" dropdown for uploading a file as a supporting file."
Supporting files,Section heading,Shared (used across 2 views),"Heading for the supporting files/attachments section shown when viewing or editing an entity's metadata, in Library and Entity view."
Synced template,Badge label,Settings > Templates,Label next to the icon shown in a template row's Synced column when the template comes from a sync.
Synced Template,Column header,Settings > Templates,"Header of the sync-status column in the templates list table, shown only when synced templates exist."
Synced templates cannot be deleted.,Tooltip text,Settings > Templates,Tooltip on the disabled row-selection checkbox for a synced template in the templates list table.
System translations,Table section heading,Settings > Translations,Heading above the table listing system (UI) translation contexts on the Translations settings page.
Table,View-mode option label / placeholder title,Shared (used across 2 views),"Option in the toolbar's view dropdown, and the heading shown in the not-yet-available Table results view."
Table of contents,Panel heading,Entity view,Heading of the table-of-contents panel in the entity's document side panel.
Table of Contents,Tab label/tooltip,Shared (used across 2 views),"Label and tooltip for the Table of Contents tab in a document's side panel, shown in Library and Entity view."
Table of contents saved successfully,Success notification,Entity view,Toast confirming the table of contents was saved successfully.
Table view,Tooltip / button label,Library,Tooltip text on the button that switches Library results to the table view layout.
Target entity,Dropdown option label,Entity view,"""Group by target entity"" option in the relationships panel's group-by menu."
Target entity type,Facet section title,Entity view,Title of the filter-drawer section for filtering relationships by the target entity's template.
Target relationship type,Form field label,Settings > Paragraph Extraction,Label for the target relationship-type dropdown in the extraction configuration step of the create-extractor wizard.
Target template,Dropdown option label,Entity view,"""Group by target template"" option in the relationships panel's group-by menu."
Target Template,Table column header,Settings > Extract Data (Paragraph Extraction) — Extractors list,"`generateTableHeader('Target Template')` in `.../ParagraphExtraction/components/extractors/TableElements/columns.tsx:20`; same dynamic `<Translate>{translationKey}</Translate>` mechanism as ""Source Template"", in the adjacent table column."
Target:,Label,Entity view,Label preceding the target entity's template and title shown at the top of the relation-type selection step.
Target's role in the relationship Source-Target.,Form field helper text,Settings > Paragraph Extraction,Descriptive subtext under the target relationship type dropdown in the create-extractor wizard.
Tasks,Section label,Unresolved,Section header above the running/queued tasks list in the Notifications panel.
Template,Form field label,Settings > Import CSV,"Label for the template dropdown in the upload modal, the Template column in the imports table, and the template name shown on the import status page."
Template changes are being applied to all related entities.,Toast notification,Settings > Templates,Warning toast shown when saving template property changes that require reprocessing existing entities.
Template color,Accessibility label,Settings > Templates,"Screen-reader-only label on the color-swatch trigger button of the shared ColorPicker component; primarily used to pick a template's color in Settings > Templates, though the same component (and label) is reused in the Dataviz editor and Theme selector."
"Template colors apply when comparing data sources or when the dimension is entity
              type. Otherwise the chart palette is used as fallback.",Hint text,"Settings > Data Visualizations (Dataviz editor, Appearance tab)","Literal multi-line `<Translate>` JSX text node in `app/react/V2/Dataviz/editor/components/tabs/AppearanceTab.tsx:81-84`, shown under the color-mode controls when `colorMode` is `'template'` or `'from_data'` and the chart's dimension isn't already entity type — a genuine usage the scanner likely missed due to the wrapped multi-line JSX text formatting rather than any dynamic construction."
Template conflict,Confirmation modal header,Settings > Templates (Template editor — reindex confirmation dialog),"`title: 'Template conflict'` in the `confirmationMessages.templateConflict` object (`Settings/Templates/helpers.ts:61`), passed as `header={confirmationMessages.templateConflict.title}` to `ConfirmationModal` (`TemplatesEditor.tsx:383`); `ConfirmationModal`'s `renderChild` wraps string props in `<Translate>{child}</Translate>` dynamically (`ConfirmationModal.tsx:64`)."
Template name,Input placeholder,Settings > Templates,Placeholder text for the template name field in the template editor header.
Template name already exists,Input validation error message,Settings > Templates,Error message shown under the template name field when the entered name is already used by another template.
Template processing completed.,Toast notification,Settings > Templates,Success toast shown once background reprocessing of a template's entities finishes.
Template saved successfully.,Toast notification,Settings > Templates,Success toast shown after a template is saved without needing background reprocessing.
Template with a long number of entities,Confirmation modal body (translation lookup key),Settings > Templates (Template editor — lengthy reindex warning dialog),"`key: 'Template with a long number of entities'` in `confirmationMessages.largeNumberOfEntities` (`Settings/Templates/helpers.ts:72`), passed as `<Translate translationKey={confirmationMessages.largeNumberOfEntities.key}>{...text}</Translate>` (`TemplatesEditor.tsx:366`). `Translate` uses `translationKey || children` as the actual i18n lookup key (`app/react/I18N/Translate.tsx:61`), so this string is the real translation key while the long English sentence is only the fallback/default text — fully invisible to literal scanning."
Template(s),Table column header,Settings > Metadata extraction,Column header in the extractors table listing which templates each extractor applies to.
Template(s) deleted successfully.,Toast notification,Settings > Templates,Success toast shown after deleting one or more templates from the templates list.
Templates,Table column header,Settings > Relationship types,Header label for the table column listing which templates use each relationship type.
Text,Field label,Settings > Paragraph Extraction,"Label above the extracted paragraph body in the paragraph view side panel, in ViewParagraph.tsx."
Text references limit warning,Warning banner,Entity view,"Inline warning in the connections/references list when more than 300 text references exist, noting the temporary limit."
"The process of extracting the paragraphs has successfully started. Check the Status
              column for updates on the process.",Toast notification,"Settings > Extract Data (Paragraph Extraction) — Extractors list and the ""Extract selected entities"" dialog","Literal `t('System', '...', null, false)` calls in `PXEntities.tsx:58` and `.../ExtractEntitiesDialog/index.tsx:46`, shown as a success toast after starting paragraph extraction. The source now writes this as one unwrapped line, while `en.csv` preserves an older wrapped-JSX-style line break/indentation for the same text — the scanner's exact-string match fails on the reformatting even though the content is identical and actively used."
The request could not be processed.,Error page body text,"Generic error page (`/error/:errorCode`, e.g. `/error/400`)","`message` for the 400 entry in the `handledErrors` map (`app/react/V2/shared/errorUtils.tsx:10`); rendered via `<Translate>{currentError.message}</Translate>` in `ErrorFallback.tsx:33`, same dynamic mechanism as ""Something went wrong""."
The source of this template is a sync.,Tooltip text,Settings > Templates,"First line of the tooltip shown when hovering the ""Synced template"" badge in the templates list table."
The token does not validate against the secret key!,Validation error message,Settings > Account,Error text shown under the verification-code input when the entered code fails to validate.
"the words together, in that order",Search tip description,Entity view,Explanatory text next to the phrase-search example in the search tips popover.
the words within 5 of each other,Search tip description,Entity view,Explanatory text next to the proximity-search example in the search tips popover.
Theme and branding,Card heading and sidepanel title,Settings > Collection,Title of the theme summary card and of the sidepanel it opens for editing theme colors and branding assets.
Theme colors imported,Toast notification,Settings > Theme and branding,Success toast shown after a theme instance file is successfully imported and applied.
Theme favicon,Section heading,Settings > Collection,Heading over the light/dark favicon upload pickers in the theme sidepanel.
Theme instance file invalid,Toast notification,Settings > Theme and branding,Error toast shown when an imported theme JSON file fails to parse or fails validation.
Theme logotype,Section heading,Settings > Collection,Heading over the light/dark site logo upload pickers in the theme sidepanel.
Theme presets,Section label,Settings > Theme and branding,"Label above the row of selectable theme preset cards (Default, Legacy, Custom, etc.) in the theme editor."
Theme preview,Section subtitle,Settings > Theme and branding,"Heading text inside the live preview card, above the sample primary/secondary buttons."
Then by,Menu row label,Entity view,Label for the secondary grouping control shown when relationships are grouped by a field.
There are no pages enabled for entity view,Inline notice text,Settings > Templates,Message shown in the template editor header when no pages are configured to display a custom entity view.
There are no untranslated terms,Empty-state message,Settings > Translations,Info banner shown in the terms table when no untranslated terms remain.
Thesauri,Navigation link (also reused as a table heading and column header),Settings,Sidebar link in Settings navigation to the Thesauri page; the same key labels the Thesauri table's heading and a column header in the template matching-properties table.
Thesauri added.,Toast notification (success),Settings > Thesauri,Success toast shown after successfully creating a new thesaurus.
Thesauri deleted,Toast notification (success),Settings > Thesauri,Success toast shown after deleting one or more selected thesauri from the thesauri list.
Thesauri name,Input placeholder,Settings > Thesauri,Placeholder text in the thesaurus name field above the values table in the editor.
thesauri new group desc,Info banner help text,Settings > Thesauri,"Detailed help text in the add-group sidepanel's info banner, explaining that new item rows appear as you type."
thesauri new item desc,Info banner help text,Settings > Thesauri,"Detailed help text in the add-item sidepanel's info banner, explaining that new item rows appear as you type."
Thesauri updated.,Toast notification (success),Settings > Thesauri,"Success toast shown after a thesaurus is updated, whether by saving edits or importing a file into an existing thesaurus."
Thesauri values created,Stat card label,Settings > Import CSV,"Label above the count of thesaurus values created, shown in a summary card on the import status page."
Thesaurus,Dropdown label,Settings > Templates,Label above the select dropdown for choosing a thesaurus in the select/multiselect property editor.
Thesaurus created successfully.,Toast notification,Settings > Templates,Success toast shown after creating a new thesaurus from the Add thesaurus modal.
Thesaurus name,Input placeholder,Settings > Templates,Placeholder text for the name field in the Add thesaurus modal.
Thesaurus name already exists,Input validation error message,Settings > Templates,Error message shown under the name field in the Add thesaurus modal when the entered name is already taken.
Thesaurus saved,Success toast,Settings > Thesauri,"Toast shown after saving a thesaurus, triggered both from the Settings > Thesauri editor and from adding a new value inline while editing entity metadata."
This action may take some time while we add the extra language to the entire collection.,Descriptive helper text,Settings > Languages,Explanatory text in the install-languages modal warning that installing affects the whole collection.
This area allows you to append custom Javascript to the page. This opens up a new universe of possibilities.,Info/warning banner text,Settings > Collection (Custom Javascript tip) and Settings > Pages (page JS editor warning banner),Rendered via a literal but line-wrapped `<Translate>` in two places — collectionSettingsTips.tsx's `globalJS` export (shown as a Collection-settings tip for the site-wide custom JS field) and PageEditorComponents.tsx's `JSNotification` banner (shown above the per-page JS editor); the two-line wrapping likely defeated a single-line scanner.
This chart type cannot display the current data.,Fallback error message,Dataviz chart embed,"Fallback text shown by the embedded chart component, used in Markdown pages and external iframe embeds, when the chart type cannot render the given data."
"This chart type cannot display the current data. Pick a supported type in the Chart
              tab.",Empty-state hint text,Settings > Dataviz editor (chart preview panel),"Rendered via a literal, line-wrapped `<Translate>` in DatavizPreviewPanel.tsx, shown in the preview area when the chosen chart type can't render the current query; a shorter sibling string covers a separate early-return branch in the same file."
"This chart type has no extra options. Select another chart type above if you need
            legend, labels, or data filters.",Info hint text,Settings > Dataviz editor (Chart tab),"Rendered via a literal, line-wrapped `<Translate>` in ChartTab.tsx, shown when the selected chart type (e.g. list) has no legend/label/tooltip/filter options to configure."
This content is automatically generated,Helper text,Entity metadata form,"Caption shown under a ""preview""-type metadata field noting its value was generated automatically, in both the legacy and V2 entity edit forms."
This data visualization name already exists. Enter a unique name.,Inline field error message,Settings > Dataviz > Info tab,Validation error shown under the Name field when saving a visualization with a name that is already taken.
"This entity has no document, you probably want to see the metadata",Empty-state message,Entity view,"Message shown in the document viewer header when the entity has no attached document, suggesting the metadata tab instead."
This entity is restricted from public view.,Tooltip text,Library,Tooltip on the lock icon for entities that are not published publicly.
This field is required,Validation error message,Shared (used across 7 views),Screen-reader-only error text shown under the text/markdown input in the suggestion review sidepanel when a required field is left empty.
This file could not be displayed. Try refreshing the page.,Error message (PDF viewer),Shared (used across 6 views),"Generic error state shown inside the PDF viewer for any other load failure, in the same legacy and V2 PDF viewer contexts (Entity view, Files tab, relationship text-selection, Settings Metadata/Paragraph extraction)."
This file could not be opened. It may be corrupted or not a valid PDF.,Error message (PDF viewer),Shared (used across 6 views),"Error state shown inside the PDF viewer when the file fails to parse as a valid PDF, in the same legacy and V2 PDF viewer contexts (Entity view, Files tab, relationship text-selection, Settings Metadata/Paragraph extraction)."
"This file is currently unavailable. Please contact your administrator if the issue
                  persists.",Error message,Entity view / Settings > Metadata extraction,Error text shown in the PDF viewer when the document file returns a 404 - appears in the entity document viewer and the paragraph/metadata-extraction PDF side panels.
"This file is currently unavailable. Please contact your administrator if the issue
              persists.",Error message (PDF viewer),Shared (used across 6 views),"Error state shown inside the PDF viewer when the file returns a 404, used in the legacy Entity/document viewer and the V2 PDF viewer across Entity view, its Files tab, relationship text-selection, and the Settings Metadata/Paragraph extraction sidepanels."
This file type is not supported on media fields,Error message,Entity view,"Shown in the media/video player when a file's format cannot be played, also used in the Pages media widget."
This group is empty,Table placeholder message,Unresolved,"Placeholder row text shown for an empty group when drag-and-drop reordering is disabled, in the shared Table component."
This import is waiting in queue.,Status description,Settings > Import CSV,Description shown on the import status page while the import is queued.
This label already exists in this template,Error message,Settings > Templates,Validation error shown under the property Label input when the entered label duplicates another property's label.
This page does not need Markdown,Button label,Settings > Pages,Button inside the Markdown deprecation warning banner that switches the page off legacy Markdown support.
"This page uses HTML only (Markdown is not processed). You can embed maps, charts, entity
          lists, and other components.",Info banner text,Settings > Pages,Body text of the info banner shown in the HTML tab once a page has been upgraded off legacy Markdown.
This property can not be deleted,Tooltip text,Settings > Templates,"Tooltip on the disabled row-selection checkbox for a template's common properties (Title, Date added, Date modified) in the property editor's property list."
This property will appear in the library cards as part of the basic info.,Tooltip text,Settings > Templates,"Tooltip on the help icon next to the ""Show in cards"" checkbox in the property editor panel."
This property will be shown using all the width available.,Tooltip text,Settings > Templates,"Tooltip on the help icon next to the ""Full width"" checkbox in the property editor panel."
This property will be shown without the label,Tooltip text,Settings > Templates,"Tooltip on the help icon next to the ""Hide label"" checkbox in the property editor panel."
This property will be the default filter in the library for this template.,Tooltip text,Settings > Templates,"Tooltip on the help icon next to the ""Default filter"" checkbox in the property editor panel."
"This property will be used for filtering the library results. When properties match in equal name and field type with other entity types, they will be combined for filtering.",Tooltip text,Settings > Templates,"Tooltip on the help icon next to the ""Use as filter"" checkbox in the property editor panel."
This search could not be completed. Try again later.,Error state message,Entity view,Subtext shown when the document search request fails.
"This site uses cookies for language preferences and analytics. Session cookies are only
            set when you log in.",Consent banner body text,Shared (used across the app — global cookie consent popup),"Rendered via a literal, line-wrapped `<Translate>` in CookieConsentBanner.tsx, mounted app-wide from App/Cookiepopup.jsx and shown on first visit before login."
This table of contents was automatically created by the system.,Tooltip text,Entity view (document Table of Contents panel),"Passed as a raw literal string to the `content` prop of flowbite-react's Tooltip directly in ToCView.tsx — never wrapped in `<Translate>` or `t()`, so neither AST pattern matches; shown on hover of the sparkles icon next to the ToC heading when the ToC was auto-generated."
this template,Table cell text,Settings > Templates,Suffix appended to the template name in the matching-properties table to mark the row belonging to the template currently being edited.
This template is in use by existing entities and cannot be deleted.,Tooltip text,Settings > Templates,"Tooltip on the disabled row-selection checkbox for a template that has existing entities, in the templates list table."
Thumbnail,Checkbox row label,Library,Checkbox in the Display options menu that toggles thumbnail visibility in results.
Thumbnail frame,Radio group label,Library,Label above Landscape/Portrait in the Library display options menu.
Time (UTC),Field label,Settings > Dataviz > Refresh tab,Label on the time input used to set the UTC time of a scheduled refresh.
Timeline,View-mode option label / placeholder title,Library,"Option in the toolbar's view dropdown, and the heading shown in the not-yet-available Timeline results view."
Timelinks,Section heading,Entity view,"Heading over the list of timestamped markers on a media field, also used in the Pages media widget."
Timestamp,Table column header,Settings > Activity Log,"Header label for the timestamp column in the activity log table, showing when each action occurred."
tips,Button label,Entity view,Button in the entity Search tab footer that opens a popover of search syntax tips.
Title,Form field label,Shared (used across 7 views),"Label for the entity ""Title"" used as a source/property option in the extractor modal, the suggestion sidepanel's read-only text display, and the extractor table's fallback source label."
To,Field label / sr-only label,"Entity view, Library, Settings > Activity Log","Labels the end value of a date or number range, used in metadata date display, the library numeric facet filter, and the activity log date filter."
"To complete the account creation process, please create a password for your account",Info banner text,Reset/Set Password page (?createAccount=true),"Rendered via a literal, line-wrapped `<Translate>` in app/react/Users/ResetPassword.jsx, shown only when the reset-password link was generated for a newly created account."
to view your authentication code and verify your identity.,Instructional text,Login,"Second half of the same 2FA instruction sentence, split into its own Translate element."
Today,Quick-select button label,Settings > Activity Log,"Label for the ""jump to today"" button inside the date range picker in the activity log Filters side panel."
Toggle relationship details,Icon button aria-label,Entity view,Aria-label on the chevron button that expands or collapses a relationship row's details.
Toggle timeline mode,Icon button label,Entity view,Screen-reader label for the icon button that switches the entity document's relationship rail between full-document and current-page (timeline) modes.
Tools,Section heading,Settings,"Heading above the ""Tools"" group of links in the Settings navigation sidebar."
total entities,Stat label,Settings > Dashboard,"Label under the large entity count number in the Entities card, describing what the number represents."
total files,Stat label,Settings > Dashboard,"Label under the large file count number in the Files card, describing what the number represents."
"Total files from main documents, supporting files and uploads",Card subtext,Settings > Dashboard,"Descriptive caption under the file count in the Files card, explaining what counts are included."
Total imports,Stat label,Settings > Import CSV,Label next to the total-import count in the imports table's summary bar.
total users,Stat label,Settings > Dashboard,"Label under the large user count number in the Users card, describing what the number represents."
Train,Button label,Settings > Metadata extraction,Submit button at the bottom of the Train model modal that starts training the extraction model.
Train model,Button label / modal title,Settings > Metadata extraction,"Footer button on the suggestions view that opens the Train Model modal, and the modal's header title."
Train model description,Info banner text,Settings > Metadata extraction,"Explanatory text in the info banner at the top of the Train model modal, warning that training can take a while."
Training model,Progress status message,Settings > Metadata extraction,"Progress label shown while the extraction model is training, used in the task tracker and the suggestions view status footer."
Training sample,Field label,Settings > Metadata extraction,Label with an info tooltip above the radio options for choosing the training data sample in the Train model modal.
Translate,Button label,Settings > Translations,Link-wrapped button in the translation contexts table that navigates to the edit-translations page for that context.
Translation,Column header,Settings > Templates,"Header of the ""Translation"" column in the templates list table, showing each template's translated name."
Translations,Section label,Entity view,Label above the row of translation-language chips shown in a primary document's file details badge.
Translations imported.,Toast notification,Settings > Translations,Success toast shown after importing translations on the edit-translations page.
Translations reset successfully,Toast notification,Unresolved,"Same legacy, apparently unused I18N action creator (resetDefaultTranslations) with no current call site found."
Translations saved,Toast notification,Settings > Translations,"Success toast after saving edits in the Settings > Translations page; also fired by the site-wide inline ""live translate"" editor available on any page."
Try a different search or clear filters.,Blank-state description,Library,"Supporting text under ""No entities found"" in the card or map results view, suggesting how to get results."
Turn off inline translation,Icon-button aria-label,Header,"Aria-label on the toggle that turns off the site-wide ""live translate"" inline-editing mode from the header's language menu."
"Two categorical dimensions enable stacked bar charts (e.g. country with sex
              breakdown).",Info hint text,Settings > Dataviz editor (Data tab),"Rendered via a literal, line-wrapped `<Translate>` in DataTab.tsx, shown when two categorical dimensions are selected, explaining that this enables stacked bar charts."
Two-Factor Authentication,Card/panel heading,Settings > Account,Title of the 2FA card on the Account page and of the sidepanel that opens to set up 2FA.
Two-factor authentication enabled,Activity log entry description,Settings > Activity Log,"A `desc` value in the ParsedActions lookup table in activitylogParser.ts (for POST /api/auth2fa-enable), surfaced as `semanticData.description` and rendered via `<Translate>{semanticData.description}</Translate>` in TableElements.tsx's DescriptionCell."
Two-factor authentication secret,Activity log entry description,Settings > Activity Log,"A `desc` value in the ParsedActions lookup table in activitylogParser.ts (for POST /api/auth2fa-secret), surfaced as `semanticData.description` and rendered via `<Translate>{semanticData.description}</Translate>` in TableElements.tsx's DescriptionCell."
Two-factor verification failed,Error message,Login,Inline error shown when the entered 2FA code is rejected.
Two-step verification,Section heading,Login,Heading shown above the authentication-code field during the 2FA step of login.
Type,Table column header,Shared (used across 5 views),"Column header labeling a property's data type in the properties table and the matching-properties comparison table, and the label shown above a locked type indicator when editing an existing property."
"Unable to save, failed response",Error notification,Library,Toast shown when saving an entity in the Library fails on the server.
Unauthorized,Error page heading,"Shared (route error boundary, e.g. Settings > Account when the current-user lookup fails)","Constructed as an ApiError title in ServerUsersService.ts's `getCurrent()` (thrown when ctx.user is missing), mapped to RequestError.name via the `error.title` fallback in errorUtils.tsx's `apiErrorToRequestError`, then rendered via `<Translate>{currentError.name}</Translate>` in ErrorFallback.tsx — a dynamic Translate child, not a literal."
Unexpected error,Error page heading / page <title>,Generic error page (/error/500),"The `name` field of the 500 entry in the `handledErrors` lookup object in errorUtils.tsx; looked up by status code and passed through `t('System', error.name, ...)` in GeneralError.tsx, where it becomes the page `<title>` and (via ErrorFallback) its heading."
Uninstall,Button label,Settings > Languages,"Button in each table row that uninstalls that language, hidden for the default language."
Uninstall language,Screen-reader-only table column header,Settings > Languages,Hidden accessible header for the table column holding the uninstall-language button.
Uninstalling language,Background task notification,Settings > Languages,Status message shown while the language-uninstall background task is running.
Unknown entity,Relationship group label,"Entity view (relationships panel, grouped by target entity)","Returned as a `{kind:'translate', key:'Unknown entity'}` descriptor from `describeGroupLabel()` in relationshipsPanelGrouping.ts when a target entity's title can't be resolved, then rendered via `<Translate>{descriptor.key}</Translate>` in RelationshipsGroupLabel.tsx — a dynamic Translate child."
Unknown template,Relationship group label,"Entity view (relationships panel, grouped by template)","Same mechanism as ""Unknown entity"": returned from `describeGroupLabel()` in relationshipsPanelGrouping.ts when a source/target template name can't be resolved, rendered via `<Translate>{descriptor.key}</Translate>` in RelationshipsGroupLabel.tsx."
Unlink,Button label,Library / Entity view,Button that removes the currently attached file/image from a media-type metadata property.
Unlock account,Button label,Settings > Users & Groups,Button in the user sidepanel that unlocks a locked user account.
Unsaved changes,Modal heading,Unresolved,Header of the shared DirtyDiscardModal confirmation dialog shown when a user tries to leave a form with unsaved changes.
Unsupported OCR language,Status label,Entity view,Status text shown on the OCR button when the file's language isn't supported for OCR.
Untitled,Fallback file name,Entity view,"Default display name used for a file row when it has no original name, URL, or filename."
Untranslated Terms,Toggle label,Settings > Translations,Label next to the toggle that filters the term table to show only untranslated terms.
Update,Button label,Shared (used across 4 views),Button in the Account page footer that opens a password-confirmation modal before saving account changes.
UPDATE,Action badge (Pill) label,Settings > Activity Log,"One of the enum method values (CREATE/UPDATE/DELETE/RAW/MIGRATE/WARNING) set as the Activity Log entry's semantic action; rendered via `<Translate>{action}</Translate>` in TableElements.tsx's ActionPill — a dynamic Translate child, not a literal."
Update from collection,Button label,Settings > Dataviz > Refresh tab,Default label on the button that triggers a manual snapshot refresh from the collection.
Update success,Success notification,Library,Toast shown after a bulk update of multiple entities or an auto-saved quick label change.
Updated,Toast notification,Settings > Relationship types,Success message shown after saving or deleting a relationship type via the upsert/delete actions.
Updated file,Activity log entry description,Settings > Activity Log,"A `desc` value in the ParsedActions lookup table in activitylogParser.ts, surfaced as `semanticData.description` and rendered via `<Translate>{semanticData.description}</Translate>` in TableElements.tsx's DescriptionCell."
Updated multiple entities,Activity log entry description,Settings > Activity Log,"The `desc` value for 'POST/api/entities/multipleupdate' in the ParsedActions lookup table in activitylogParser.ts, surfaced as `semanticData.description` and rendered via `<Translate>{semanticData.description}</Translate>` in TableElements.tsx's DescriptionCell."
Updated permissions on entity,Activity log entry description,Settings > Activity Log,"The `desc` value for 'POST/api/entities/permissions' in the ParsedActions lookup table in activitylogParser.ts, surfaced as `semanticData.description` and rendered via `<Translate>{semanticData.description}</Translate>` in TableElements.tsx's DescriptionCell."
Updated relationships,Activity log entry description,Settings > Activity log,"Rendered via `<Translate>{semanticData.description}</Translate>` in `ActivityLogSidePanel.tsx`/`TableElements.tsx`; value comes from the `desc` field of the `POST/api/relationships/bulk` entry in the `ParsedActions` lookup table in `app/api/activitylog/activitylogParser.ts`, not a JSX literal."
Updated settings,Activity log entry description,Settings > Activity log,"Same `ParsedActions` lookup pattern (`POST/api/settings` entry's `desc`), rendered as `semanticData.description` via `<Translate>` in the activity log table/side panel."
Updated translations,Activity log entry description,Settings > Activity log,"Same `ParsedActions` lookup pattern (`POST/api/translations` entry's `desc`), rendered as `semanticData.description` via `<Translate>`."
Updated user,Activity log entry description,Settings > Activity log,"Same `ParsedActions` lookup pattern (`POST/api/users` entry's `desc`), rendered as `semanticData.description` via `<Translate>`."
Updating template properties across,Progress indicator label,Settings > Templates,Label preceding the entity count in the progress bar shown in the template editor header while property changes are being applied.
Updating…,Button label (loading state),Settings > Dataviz > Refresh tab,Label on the refresh button while a manual snapshot refresh is in progress.
Upload,Button label,Library,Primary button in the Library upload-PDF modal that starts uploading the selected files.
Upload and select file,Button label,Shared (used across 2 views),Button inside the attachments upload modal's drop zone that opens the file picker.
Upload from computer,Tab label,Shared (used across 2 views),"Tab inside the attachments upload modal for uploading a file from the user's device, opened from Library and Entity view."
Upload PDF,Footer button label,Library,Button in the Library results footer that starts uploading a new PDF document.
Upload PDF(s) to create,Button label,Library,Label on the Library footer button that opens a file picker to upload PDFs and create entities from them.
Uploaded attachment,Activity log entry description,Settings > Activity log,"`ParsedActions['POST/api/attachments/upload'].desc` in `activitylogParser.ts`, rendered as `semanticData.description` via `<Translate>`."
Uploaded custom file,Toast notification,Shared (used across 2 views),"Success toast shown after a file upload completes, from both the theme asset picker and the Custom Uploads dropzone modal."
Uploaded document,Activity log entry description,Settings > Activity log,"`ParsedActions['POST/api/upload'].desc` in `activitylogParser.ts`, rendered as `semanticData.description` via `<Translate>`."
Uploaded file,Activity log entry description,Settings > Activity log,"`ParsedActions['POST/api/files/upload/document'].desc` in `activitylogParser.ts`, rendered as `semanticData.description` via `<Translate>`."
Uploading,Status label,Shared (used across 5 views),"Generic status label shown while a file is uploading, e.g. attachments, PDFs, CSV imports, and custom uploads."
Uploads,Navigation link,Settings,Admin-only sidebar link in the Settings navigation menu that routes to the custom uploads page.
URL,Input field label,Shared (used across 4 views),Label on the read-only URL field in the Pages editor's Configuration tab that shows and lets you copy the page's public URL.
Use,Inline hint text,Library,First word of the multi-select keyboard hint under the Library grid.
Use as filter,Checkbox label,Settings > Templates,Checkbox label for enabling a property as a library filter; also shown as a summary pill in the properties table.
Use for training,Checkbox label / column header,Settings > Metadata extraction,"Marks whether a suggestion counts as training data; appears as a filter, a suggestions table column header, and a checkbox in the PDF/Property review sidepanels."
"Use this iframe on external sites. Change the locale query parameter in the URL if
                needed.",Helper text,Settings > Dataviz > Embed panel,Instructional text above the external iframe embed code snippet.
Use URL,Button label,Entity view,Button that submits the pasted URL in the media picker modal.
Used in {n} refs — cannot delete,Tooltip,Entity view,Tooltip on the disabled delete button for a relationship type that is referenced by existing relationships but not by templates.
Used in templates — cannot delete,Tooltip,Entity view,Tooltip on the disabled delete button for a relationship type that is used in one or more templates.
Used in templates and {n} refs — cannot delete,Tooltip,Entity view,Tooltip on the disabled delete button for a relationship type that is both used in templates and referenced by existing relationships.
User,Table column header and field label,Settings > Activity Log,"Labels the username in the Activity Log table header, the Filters side panel's username input, and the selected entry's username in the detail side panel."
User Action,Table column header,Settings > Users & Groups,Column header listing each permission action in the role permissions modal.
User Role,Input field label,Settings > Account,"Label for the disabled input showing the current user's role, next to the username field."
User updated,Toast notification,Settings > Users & Groups,Success toast shown after saving changes to an existing user.
Username,Column header and input field label,Settings > Users & Groups,Labels the username column in the users table and the username input field in the add or edit user sidepanel.
Username is required,Form field validation message,Settings > Users & Groups (Add/Edit user side panel),"Returned by `getFieldError('username','required')` in `UserFormSidepanel.tsx` and passed as `errorMessage` to `InputField`, which renders it via `<Translate>{child}</Translate>` in `InputError.tsx` since it's a variable string, not a literal in JSX."
Username is too long,Form field validation message,Settings > Users & Groups (Add/Edit user side panel),"Same `getFieldError('username','maxLength')` path as above, rendered via `<Translate>` in `InputError.tsx`."
Username is too short,Form field validation message,Settings > Users & Groups (Add/Edit user side panel),"Same `getFieldError('username','minLength')` path as above, rendered via `<Translate>` in `InputError.tsx`."
"Username, email or group",Input placeholder,Entity view,Placeholder text in the collaborator lookup input of the Share modal.
Usernames cannot have spaces,Form field validation message,Settings > Users & Groups (Add/Edit user side panel),"Same `getFieldError('username','noSpaces')` path as above, rendered via `<Translate>` in `InputError.tsx`."
Users,Tab label and table header,Settings > Users & Groups,Tab label and table header for the users list on the Users & Groups page.
Users & Groups,Navigation link,Settings,Admin-only sidebar link in the Settings navigation menu that routes to the users and groups management page.
Using Authenticator,Card heading,Settings > Account,Title of the card in the 2FA sidepanel that explains how to set up an authenticator app.
Using URLs,Info banner heading,Settings > Menu,Heading of the informational banner shown at the top of the add/edit link form.
Uwazi,Preview brand label,Settings > Theme and branding,"Placeholder brand name shown in the mock app header of the theme editor's live preview, used both as the fallback logo initials and as the header title text."
Uwazi Docs,External link,Settings,Bottom-of-sidebar link in the Settings navigation that opens the external Uwazi documentation site in a new tab.
Uwazi is developed by,Footer text,Global navigation,"Text in the site footer, preceding the HURIDOCS logo link that credits the developer organization."
Uwazi UI,Table cell pill (translation-context type badge),Settings > Translations,"`context.type` value ('Uwazi UI'/'Entity'/'Thesaurus'/'Relationship Type') rendered via `<Translate>{cell.renderValue()}</Translate>` in `ContextPill` (`TableComponents.tsx`), and also used to bucket rows into the ""System translations"" vs ""Content translations"" tables in `TranslationsList.tsx`."
Validating,Status label,Settings > Import CSV,Status text shown while the uploaded CSV file is being validated.
Validating file structure and headers.,Status description,Settings > Import CSV,Description shown on the import status page while file structure and headers are validated.
Value,Table column header,Settings > Translations,Header for the input column in the untranslated-terms table where a translator types the term's value.
Value cannot be transformed to the correct type,Toast notification,Entity view,Error shown when a value pulled from PDF text extraction cannot be coerced to the field's type.
values,Table cell label,Settings > Metadata extraction,"Unit label after a count in the suggestions table, showing how many child rows currently hold a value for a multi-value property."
"values are staged, not saved",Helper text in results footer,Copy From dialog in Entity view or Library,"Part of the status line at the bottom of the Copy From search results list, clarifying that selecting a value only stages it and does not save immediately."
Verify,Submit button label,Login,Login form's submit button label when a 2FA authentication code is required.
Verifying...,Loading message,Unlock Account,"Text shown briefly on the account-unlock page while the unlock link is being processed, before redirecting to login."
via,Inline caption text,Entity view,"First word of the caption under a relationship value, e.g. ""via <relation type>"", shown below connected entities."
view,Link label,Entity view,Link next to the no-document message that navigates to the entity's metadata view.
View,Button label,Shared (used across 7 views),"Label used on buttons to preview a file, switch document display mode (PDF/plain text), and switch relationship layout (list/tree/graph)."
View entities,Table cell text (permission description),Settings > Users & Groups (Permissions info modal),"One of the `action` values in the `permissionsByRole` array in `PermissionsListModal.tsx`, rendered per-row via `<Translate>{cell.getValue()}</Translate>`, not a literal in JSX."
View entity,Link button label,Library,Link in the Library entity-preview footer that navigates to the entity's full page.
View in library,Button label,Pages,Button below an embedded item list widget linking back to the Library.
View page,Link text,Settings > Pages,Text of the external-link row below the URL field in the Configuration tab that opens the live page in a new tab.
Visualization data updated from your collection.,Toast notification,Settings > Dataviz > Refresh tab,Success toast shown after manually triggering a snapshot refresh of the visualization's data from the collection.
WARNING,Pill label / filter option (Activity log method),Settings > Activity log,"Rendered two ways, both dynamic: `<Translate>{action}</Translate>` in `ActionPill` (`TableElements.tsx`) for the log row's method pill, and via `t('System', method, null, false)` building the method filter options in `FiltersSidePanel.tsx`."
Warning: you are editing multiple entities. Fields marked with a,Warning banner text (part 1),Library,"First half of a warning sentence shown at the top of the Library's multi-select edit panel, alerting that changes apply to all selected entities."
We can't find the page you're looking for.,Error page body text,Generic error page (404),"`handledErrors['404'].message` in `errorUtils.tsx`, rendered as `<Translate>{currentError.message}</Translate>` in `ErrorFallback.tsx` — the paragraph under the ""Not Found"" heading, not a literal."
Welcome to Uwazi,Heading,Library,Heading of the blank-state welcome panel shown when the collection has no documents.
"Well, this is awkward...",Error page heading,Error page,Fallback heading shown by the generic error boundary/error page when no specific error name is available; can appear on any route after an unhandled error.
"When enabled, visitors must accept or reject non-essential cookies before they are set.
    Analytics and language preference cookies are blocked until accepted.",Tooltip,Settings > Collection,Tooltip on the cookie policy toggle describing the consent behavior it enables.
Whitelisted templates,Multi-select field label,Settings > Collection,Label with tooltip for the multi-select choosing which templates are allowed in public forms.
wildcard (many chars),List item description,Entity view,"Short description labeling the ""stat*"" example as a multi-character wildcard in the search-tips popover."
wildcard (one char),List item description,Entity view,"Short description labeling the ""wom?n"" example as a single-character wildcard in the search-tips popover."
"Will attempt to fill the container, using its entire width. In cards, cropping is likely to occur.",Tooltip text,Settings > Templates,"Tooltip on the help icon next to the ""Fill"" style radio option in the property editor panel."
will be updated with the same value.,Warning banner text (part 2),Library,"Second half of the multi-edit warning sentence in the Library's multi-select side panel, following the warning-triangle icon."
Will show the entire media inside the container.,Tooltip text,Settings > Templates,"Tooltip on the help icon next to the ""Fit"" style radio option in the property editor panel."
With great power comes great responsibility!,Tooltip / warning banner heading,Shared (used across 2 views),"Bold opening line of the global JavaScript tooltip in Collection settings, and of the JS notification banner in the Pages editor."
wom?n,Code example,Entity view,Code-styled example of a single-character wildcard search term in the search-tips popover.
x,Count multiplier label,Entity view,Multiplier symbol shown next to a nested relationship row indicating how many matching references it represents.
x less,Toggle link text,Library / Entity view,"""Show less"" toggle collapsing the expanded options list in a multiselect metadata/filter field."
x more,Link/button label,Shared (used across 3 views),"Count-suffixed ""more"" label reused for the Library entity-list ""load more"" link, the Relationships panel's ""load more hubs"" button, and the multiselect field's ""show more options"" toggle."
Year,Date format example text,Settings > Collection,Labels the year part of each example format listed in the Default date format dropdown options.
Yes,Button label,Entity view,Confirm button in the delete-confirmation popover for removing a table-of-contents entry.
You can add one or many items in this form.,Info banner text,Settings > Thesauri,"Body text of the info banner in both the add-group and add-item sidepanels, noting multiple items can be entered at once."
You can also enter this secret key into your Authenticator app.,Field label,Settings > Account,"Label above the copyable secret-key input, explaining its alternate use to scanning the QR code."
You can create metadata templates in,Helper text (tip),Entity metadata form,"First half of a tip shown in the entity form's template selector when no templates exist yet, followed by a link to Settings."
"You can embed advanced components like maps, charts and entity lists in your page.",Info banner text,Settings > Pages,Body text of the info banner shown in the HTML tab when the page still uses legacy Markdown.
You do not have write permission on all entities,Warning list item,Library,Warning shown in the entity list of the Library's multi-select side panel when some selected entities cannot be edited by the current user.
You have unsaved changes. Discard them? This action cannot be undone.,Modal body text,Unresolved,Body copy of the DirtyDiscardModal explaining the consequence of discarding unsaved changes.
You have unsaved changes. Do you want to continue?,Modal body text,Shared (used across 8 views),Body text of the unsaved-changes confirmation modal warning the user before discarding edits in various Settings editors.
You should activate this feature for enhanced account security.,Descriptive text,Settings > Account,"Message shown inside the 2FA card, next to the Enable button, when 2FA is not yet active."
You won't be able to save an entity if this property is empty.,Tooltip text,Settings > Templates,"Tooltip on the help icon next to the ""Required property"" checkbox in the property editor panel."
You're all caught up,Empty-state heading,Unresolved,Heading shown in the Notifications panel's empty state when there are no notifications or tasks.
Your account's security is enhanced with two-factor authentication.,Descriptive text,Settings > Account,Message shown inside the 2FA card when two-factor authentication is already enabled.
Z → A,Dropdown option label,Entity view,Descending sort option in the relationships panel's sort menu.
Zoom in,Tooltip text,Library,"Tooltip on the zoom-in control, shared between the Library's card zoom buttons and the Entity view's relationship graph zoom controls."
Zoom in library view,Button aria-label,Library,Accessibility label on the zoom-in control in the Library's card view mode toggle.
Zoom out,Tooltip text,Library,"Tooltip on the zoom-out control, shared between the Library's card zoom buttons and the Entity view's relationship graph zoom controls."
Zoom out library view,Button aria-label,Library,Accessibility label on the zoom-out control in the Library's card view mode toggle.
